05e93eb7-a422-493d-9bc6-f73ebe637b21,CHS5-137,EHR77,
109af094-5f36-4fa8-8704-a8f446b98116,KDS17-260,EHJ70,
ecda1a91-66d2-4a11-a955-5a5b2366b2f8,KDS16-302,EHN30,
58f17cb1-fd4a-46a3-86dc-0382b3dfef43,KDS17-299,EHK65,
e4fc8b6b-e3db-40b8-a071-1508f32b2f25,SWW16-043,FZP98,
83cff8e7-1171-4a4f-8e80-969d90890969,KD206-175,EHO60,
bc2749fe-2cb2-481b-99db-f85a90aebec2,WAW17-068,EHY38,
ec314f72-135b-4a3e-ab8d-201d82ffdff5,CSS15-241,AUT83,
3324eefa-3c9e-4b29-94a5-52e2ac9417c2,KDW17-136,EHJ28,
4390a2f5-a15b-4d2e-9688-37f26fc1c191,CSS16-420,AVS51,
3bc43536-c00b-470f-b00a-8af72f9d4229,KDS17-251,EHJ49,
6764f335-7b38-4803-9b18-f819cc6eef0a,CSS17-511,FZK39,
72fdf49a-12d3-4b69-8571-22de86d53ddd,KDS16-283,EHL13,
b497968c-7ccd-41a2-b6a7-218f525ac85f,CAW17-001,AWF00,
7432d381-b826-4bc2-8d91-ebc904d62cb5,CSS15-284,FZL32,
791fa403-d280-4568-8f02-82e6553b11f8,KDW17-126,EHF91,
3efbcd2f-6dd7-4952-a423-6a44ab0d0079,CAS17-001,AWD89,
e1b172b8-ebc7-4526-8932-ab5cd2d2b0f8,RUW13-189,EHS82,
27780d2d-f558-4460-abc9-b276816b2b7a,CSW12-189,NR935,
26737357-09c8-431a-9d2a-24eaf38fc832,CSS17-311,AWD06,
4f40c4f7-6436-4e94-9a2d-61983eeadeec,BAW16-006,FZO66,
5e962862-19ae-4805-bfa4-57150ec47b62,CSS16-205,AUZ31,
a9b601d9-aac4-4b7a-82c6-3d533d00d3ee,CSS16-288,AVG85,
2c8a06f6-6506-46fc-b2a7-83a0ae3af9e0,CSS16-348,AVM83,
3f62c6fd-1f96-4d47-917c-bddbfc83ae5a,CAW17-012,AWF13,
4fe3e98a-94cd-4c60-b351-590298a8584c,CSS16-105,AUW18,
d697df06-2fba-42af-9b7d-e6871becee96,KDS17-225,EHH78,
73646b68-a3fb-44c2-bcf8-108ef13d3c0b,KD108-201,EHP91,
a5039e8c-746f-4493-9ab2-4a50f219dbb8,CSS15-148,JLL49,
089dac94-bb40-4846-9c1c-bada3814c489,CSS17-260,AWA74,
45a811e4-bcee-4f71-8931-d313ffeabd44,CSS17-523,FZM84,
a5b52fb6-8836-4489-aa5d-8104d33b0c2f,CSS17-310,AWD03,
d362335c-419d-440f-aec6-426aa501b2db,KDS17-272,EHJ87,
d2f24cca-2265-473f-b765-102eae508220,KDW17-163,EHN46,
4f270350-930f-44cf-ae51-cee87ed14ab9,CSS16-262,AVD35,
e0086fdc-408a-4fb5-8817-2d1ea09fa2f1,CSW17-462,FZJ27,
7fecdcfb-a611-43e2-995a-75a1180bf3cc,KDS16-284,EHL14,
34520be0-60f1-40d1-8305-22c61eb18e27,CSS17-247,AVZ32,
606abe9a-2439-43fe-83d4-2b92bf4bdd46,CAW17-013,AWF19,
cd8934e5-531e-417a-9831-64be90536fe1,CSS17-245,AVZ30,
06e89050-8bb8-4c36-a11a-0010af56672a,CSS17-190,AVX09,
f0685b95-b945-4555-a780-8b1d9ca49a38,CSS17-240,AVY86,
bf9554fb-bc98-430d-8818-80a0eafead17,KDW17-139,EHK34,
05156b8a-9d1b-4e65-86c9-fdd1aa2970c2,SWW17-001,AWP54,
a630b0cb-cb96-4d1c-ac12-1a000fa71318,CSS16-390,AVP29,
d9bf0e53-75d5-42ee-b3b2-f18a6dce91ed,RUW17-194,EHV26,
d4c11143-48f7-43b4-aed6-c2544f280c5e,CHS3-742,EHO22,
93efbf52-b608-46e4-a129-326a2881b462,CSF3-2760,MU313,
d8c9b09a-5093-4df5-b255-f71cc3c19dc6,KDS16-336,EHN78,
405ffa45-393f-4f3f-9d14-444a8397f6cd,KDS16-347,EHN89,
804dae14-172e-42c5-af23-61fca7865a7d,KDS15-285,EHM84,
4ce77fc9-3233-45f0-855d-edd0fe3c02f7,KDS13-136,EHH06,
2291ca93-44ba-40bc-be31-1e6f7425d87a,WAS17-105,FZP28,
5453c982-80be-4525-951c-d4d17b4cf266,KDS16-285,EHL15,
f96b500f-fad1-4ae6-a028-ef69c88cc826,CSS16-341,AVM21,
749a2551-50a7-4556-b185-40a466223175,RUW17-205,EHY30,
d7c6566b-b674-4f73-a8f3-9057786ed00d,CSS17-248,AVZ33,
fd31cf87-b629-4b8c-9309-af6cc55a8cc2,CSS17-156,AVW46,
9d1852bb-9dbd-41aa-b9e5-0dc296f2a00c,RUW12-205,EHU48,
49fc880e-5325-4499-b97e-c085e0d13b3f,CSW17-459,FZI94,
e7ad72d3-57ad-41eb-8354-77fb5ee8a4d1,RUW15-355,EHW03,
8adbf9c8-0b48-4144-9e48-c3cbd312ab6a,SWW17-002,AWP55,
8da8bc57-7d7a-495b-abca-4a75c6a5168f,KD108-203,EHP93,
8d194476-f335-4b10-b2e0-53452e2136db,CHS3-743,EHO23,
1695f45f-4a66-48cf-af0e-cffc7b3dbb07,CSS16-072,AUV58,
b2116e0a-bab1-4d39-8e81-3b9ced255570,KDS16-268,EHJ79,
60ce7084-b290-4223-8ab5-3f13800f4b6f,CSS16-440,EHT86,
72bccd2a-b2a8-4d1c-83b6-f268ce2bc1c9,KDS16-337,EHN79,
1d5f115d-4e11-432a-9507-15fb424e7566,KDS17-342,EHM77,
9b1a8403-4fdc-41be-91c5-e0f865e285e2,CSS12-135,EG541,
0ab57192-a263-49c1-bb56-e0639d77b45e,KDS13-137,EHH07,
496067aa-d9ef-4f4f-bee8-35f54f8b3857,KD108-199,EHP89,
89cfd154-4c16-47d1-88ec-86cce4d2d358,KDS16-286,EHL16,
8aa20e9a-11ee-461b-b8a5-a4f806cb78db,CSS16-463,FZI26,
51ddeb1f-885c-43ef-bba9-a02a9ef13a1b,CSS13-084,NP200,
34a3dd8a-b765-413d-b6f1-bda52d52d2a7,CSS13-157,EHW19,
4b0e4e43-5208-45f4-abb5-e7fe92646c38,CSS16-379,AVO57,
2ffea63f-601a-4b91-989d-18cddaf565b7,DCS17-018,FZK67,
e09e3d2f-f742-47ac-875c-8aac089f87a6,CSS17-066,AVT46,
5c3cb6ae-a3d4-4d13-a094-f3d08fad1b58,CSS17-111,AVV01,
423a73bf-b09a-4836-83da-de8623fbb6c5,RUS17-292,EHS94,
c159f9a6-8fd5-4a8a-a0f6-c9243bda7f30,CSW17-449,FZH63,
199317d2-78e2-4d89-b6c8-014f021c4b80,RUS17-320,EHX42,
1f09d6aa-8663-40af-8738-d02abb8096f1,SWW17-003,AWP56,
a9fc4b06-cd72-486c-bc71-40cfebc7cfd3,SWS17-040,FZQ90,
e775d299-f6ed-4d19-acd8-baeb2700b813,KDS17-264,EHJ74,
52a41a20-1965-4649-aa58-df9739ee379f,KDW17-144,EHM00,
d5a61d0e-b218-4193-8bab-7a4724dba78e,CSS14-153,NU494,
998e7082-5bc2-4195-85a9-cae74f825287,KDW17-165,EHN52,
48e917b9-b6ea-49b9-a3a2-42f5e7f61898,KDW16-430,EHQ64,
fe3df2e6-8c17-4be3-bd8e-8087c5b3cea2,KD406-090,EHG85,
f5cdd8d0-c483-41b6-bedf-94edc7085b5f,KDS17-244,EHJ37,
5c049031-b888-4f47-af95-85301f936f15,KDW17-146,EHN07,
84de1805-a226-4ccf-a30d-938df098bb14,CSW12-195,EHV32,
2806e8dc-4afd-42c1-8d1f-ffa4b9f2ff65,KDS16-210,EHG09,
69eac1eb-6627-4ad2-bd27-ce1eaeafee6e,CSS17-480,EHW22,
f2fc1170-b063-43b3-8a6e-b52dd7c0f38f,KDS16-287,EHL17,
4f1b8eb3-e34d-4ec3-97a1-d998fc228ea9,CSW16-494,FZO89,
0823d5cd-6a62-430a-8e35-a482b1ae0886,AEW17-007,FZL71,
cef86843-4622-478f-a30d-f45133e92b9e,KDS16-276,EHL04,
32ce103c-eaf5-4dec-8596-064bc67b1057,CSW15-420,FZO39,
2617f1e9-acc9-4150-9957-76b7df6b46a5,CSS17-308,AWC99,
aa3fbb65-0500-4ff7-bbc6-8d9f9bfc7f2d,RUW15-359,EHX01,
38616a09-367d-4310-afbd-0e7d3e382853,04-100836a,OA456,
c7579a7b-d50b-4c67-b917-584bc848fbd8,CSS14-263,FZR55,
bd350ac5-3e81-4b85-a428-f6e27e642d3d,KDW17-129,EHJ20,
4f23aea9-2855-42ee-83cf-554f41368bbe,CSS15-159,JLL96,
7e1d13ee-10c9-4842-bb7a-54137f4d34f8,SWW15-020,EHX30,
08499ed5-9d27-4f43-a388-d401b6e7cffe,WAW17-066,EHX84,
28c6b511-9d3b-41f6-aeba-c91e17ad2fd5,SWW17-004,AWP57,
74721502-7cd3-41fe-9b98-3a3ab2dc03f1,CSW17-437,EHU25,
b786194a-6a3c-461d-9f57-70fc5cad2734,CSS17-046,AVT15,
65999d9d-7149-48b3-96ef-b6311b4bc2d3,KDS16-221,EHG25,
5a7d6982-4daf-4dde-af25-f6a59988db9a,KD206-169,EHO54,
a9f0fa49-798c-449f-b7dd-fb8a0338b381,CSS17-536,FZQ30,
0217ce7c-17bf-463c-886e-b71b4e4c8aa6,KDS17-236,EHJ07,
7f62f92b-b10a-4656-bda1-a1285dadb420,KDS13-139,EHH09,
69d0a089-d2ee-4863-a432-7f73b95cf0ed,KDS16-277,EHL05,
876ec2d7-b4a6-41a7-a088-401ee9933104,KDW16-431,EHQ65,
19b2a390-2594-4a10-854a-a973358df129,KDS16-288,EHL18,
aaabc4c5-e00a-4d63-a40d-25e9127e4f44,CSS16-464,FZI38,
563ef7c0-93e7-4f2e-b7c7-381d0de7add0,RUS17-334,FZP27,
d6ed7e3f-beff-4af9-ad97-90b5c9de6698,KDW17-156,EHN36,
240aa909-60d6-48eb-a46d-675b56aada6c,CSS15-238,AUT55,
df409a12-01d4-45c8-92bd-94c99c844bae,KDS17-360,EHP59,
89da6e15-2255-4d41-bb03-305464c98b6c,CSS17-134,AVV30,
c3dbac21-6778-456c-b1bf-440f5649c9ba,KDS16-328,EHN70,
93bbefcd-af6f-483d-965b-947f4f183a80,RUS16-349,FZR94,
dcbbdc8b-7270-4769-9ba7-cbd67381d3da,CSS16-120,AUX13,
fbc8a798-0352-4423-a760-89a992de0c38,SWW17-005,AWP58,
0dc159ee-086b-44ec-a570-04afdcb510fc,CSS17-319,AWE06,
bc6727a2-8505-4560-979c-86d9e0666b01,CSS17-517,FZL55,
ed18d867-62ff-4d4c-ac7f-fb9cbbdb4972,RUS17-330,FZO54,
a54b417b-b86e-4437-a242-0aad5f962046,KDS16-222,EHG26,
9babe717-8fb8-4ef7-a484-acf5a7dcda8c,CSS17-513,FZK79,
56fde059-8aac-4c23-a6ea-540577a95bf8,CSW15-421,FZO40,
c3a0f226-90f1-4b9f-8f1e-18c9f2fc83b0,KD406-092,EHG87,
e6a51efe-7563-4a78-bc1a-e73780a74ff6,KDS16-278,EHL06,
86b95251-7546-427c-96c3-8a4b753fffdf,KDW17-176,EHR03,
facd47ee-bee1-492c-ae00-53e0d99c405c,KDS17-237,EHJ08,
4b612869-1edd-4690-817f-2d2a408b2f78,CSS17-179,AVW92,
6f0b9197-bf50-4479-ad48-73cf3242cc07,CSS15-208,JMI62,
5a1a49fb-c459-417f-ba30-3b7e319fa021,CAW17-007,AWF08,
72bba4ee-92f5-4363-8e79-96e3b414b1a4,KDS17-246,EHJ39,
4ed56df2-b71a-4233-89b9-5433d275f5e7,CSS08-108,MW498,
b678bb27-04f5-4c59-aa4b-67b2f5b8e77e,CSS17-201,AVX20,
c2918685-f43a-40d0-b9d3-230fe75dc244,FWS16-098,FZR98,
3e173680-9ae2-4d57-be2d-c87842e5b2e0,KDS17-213,EHF92,
70aa884a-0c91-45a8-8092-b6a993b32c62,KDW17-127,EHH20,
1f1b37ed-5b2a-4f20-894e-99087326fd4a,CSW17-438,EHU31,
2d98d4ea-6836-419d-a33e-e071941ee6d5,CSS16-151,AUX70,
09725f33-ef58-4b05-ace0-bcca9103340e,KDS16-329,EHN71,
5ffb48ce-223f-4e92-b035-46720a06c86c,CSS17-114,AVV08,
bf535d8d-04a8-4c66-a68a-852f366ef751,CSS16-121,AUX14,
7bbcda63-5b7c-433c-b3e4-06cfcdd867a4,CSW17-428,EHU16,
7ff6c3f9-2341-4e24-90a7-701f09e87f5e,CHS3-736,EHO15,
cb702e00-8a45-43f9-92cd-64fda68bd00d,KDS16-247,EHH45,
665bd015-7b05-4ed6-9c47-3d95bc62c9f0,RUS17-338,FZS65,
5dc76cc8-6f14-429b-b764-ecae027de03a,KDS17-256,EHJ66,
0b4d7ed2-842e-4a70-a73c-f7a736436da2,RUS15-273,FZL21,
aacc351a-d3c9-4864-b8a8-9be45f1f830a,CSW16-501,FZO96,
ff4a54cd-8d4a-49a2-a8bc-d6e5e8cf7680,CSS13-093,NR445,
3f545d59-1156-4195-9893-c864dd2224e1,CSS16-465,FZI43,
19802291-15d3-4dd2-a0d1-1dcafe5cd976,KDS17-238,EHJ09,
5f9e28df-1e7c-4f48-a8c6-4580ff90ab21,KDW16-413,EHQ29,
f58e8aa9-cf7e-4142-b289-bf5e5f33ee7e,KDS17-284,EHK02,
75fafe30-99d7-43fa-9e8e-b1b4d81f5d47,KDS16-279,EHL07,
67593b84-b736-4d45-8ec4-663fa9f08d17,CSS17-492,FZH67,
e92333b8-246d-4e81-aa76-e85f6791d5c4,TOS17-007,FZI52,
3851bbd8-be7e-4e70-a59e-9ca15c0becf8,KDS16-400,EHS37,
42921867-cfbf-4dac-acd9-6a351b9d1081,CAW17-008,AWF09,
2106dba3-07c7-40f6-aeac-0d6cd90c3375,WAW17-072,FZR30,
22126785-a79d-4f98-a69c-faee5aa5056a,SWW17-006,AWP59,
d837939e-d027-48d2-82ce-9d7d7069561f,CSS13-075,EI106,
0373251a-4685-48a5-83d3-500887702226,KDW17-137,EHJ92,
999bf38a-1b23-4a6a-aad3-777edcef5bf4,CSS17-115,AVV09,
b1955722-6a6c-4d4e-9901-2753f567833b,RUW17-199,EHV38,
59647700-6640-40b7-be91-323505f5a63d,CSS17-222,AVX57,
6af7c270-129f-4688-87b2-8bc319c6718a,CSS15-239,AUT56,
4d5baa25-9e7f-4c00-a747-e260ac738b4e,CSW17-429,EHU17,
715aac24-2319-48b4-abda-20b675c5ad4d,KDW17-120,EHF67,
b3efdbd6-9536-4872-9d4a-93eabf862ba8,KDS16-213,EHG12,
65eb055e-85fa-4653-acaa-f2e088dcf026,KDS16-248,EHH46,
6a54c138-8781-4a79-a20e-bc1e331b1712,CSS16-473,FZI90,
a95f03d9-904a-41ba-895e-f4cf3baa1920,KDS16-243,EHG77,
a8d202ba-0fec-49c0-b053-1705db5cd4f4,CSW16-497,FZO92,
c8a3fe1b-0c5e-4142-8726-eba5e346bf73,CHS3-737,EHO16,
c7ef28cb-36dd-40f1-a004-ed72c00c8b4f,KDW16-434,EHQ68,
9f405332-73aa-4974-9e13-639436ce814f,CSS16-466,FZI44,
cf4edcff-abc1-4dc4-8fe1-70367e645540,RUS15-279,FZN18,
461baab1-dc7a-4816-8e00-114320ace0c4,CSW16-465,EHT09,
3fd9b036-189f-41b5-9ff2-eabf8290b41b,KDS17-285,EHK03,
f439e185-cb34-43af-a6b3-6a23943045c5,KDW16-403,EHQ10,
5afa50ca-8b34-4432-adda-a73c69670294,RUS15-288,FZP82,
8443f952-78fc-44d1-8b72-eb7fc2fdcd20,CSW17-500,FZT02,
4785c195-1a03-455a-bfa0-f5298856f8d6,KDS17-295,EHK28,
c4a3bc70-d159-45e9-9d90-ffb2c2aab020,KDS17-362,EHP69,
014cd63b-f479-4533-a03b-93bbb5d90705,KDW17-173,EHQ39,
653471ce-a17b-4db1-9f88-a03ffcd0f836,CSS16-330,AVL59,
384aa62a-59e3-45b1-ab8c-0414321be475,CAS17-002,AWI95,
cdbeb695-7892-452d-9cdd-2197dfc5a7cd,KDW17-149,EHN11,
3ffa52fc-3aa2-403d-afaf-ab860d3beb4d,CSS17-126,AVV21,
0627a918-fe2c-4737-ba4e-9a616d59a2c9,CSS17-258,AWA72,
cea109c1-a4a9-436f-92a3-214f12514147,CSF3-7344,MU536,
ff4ff909-2072-48a4-afa3-cce6954dc6a4,KDS17-239,EHJ10,
f9c1a43e-b4f8-46c3-9174-1cdb58648d3a,RUS15-276,FZM30,
8c440d7d-7640-475b-9698-771a61853aa8,KDS16-249,EHH47,
4168117e-96af-4675-9351-6ccae43a1f46,KDW16-414,EHQ30,
a515cb6a-b977-48b4-afa6-30a75c384968,SWW16-046,FZQ14,
61248690-448d-4af0-8f78-ff2f1f2c614e,KDW17-121,EHF68,
83c5b4c2-040b-493e-899f-d59aecf76b54,KDW16-435,EHQ69,
66365fe1-2df4-4e88-95fe-378ca48acbe6,CSW17-454,FZI48,
9fa48520-c567-4825-962d-0b5221fb1f9a,FWW16-117,FZL25,
3c3f1c91-c6cb-4a1d-bda4-301a03bfe113,CS105-526,FF121,
857500f9-c7d3-459d-9cb1-3479df8ffb02,CSW17-441,EHV07,
4f79480a-3fb8-45a2-bc43-1f4c8b1fd484,CSS17-485,EHX46,
d75569ae-8cd9-4aa3-8584-7715f3181fe8,CSW15-414,FZO28,
23c005c6-dee4-48e6-8f98-0afe3c21610b,KDS16-397,EHS34,
ed9e5981-d33e-47a8-a3d0-4fcc19b4accc,CSS17-214,AVX41,
a0088ecc-9d5e-4681-875a-72d76b0d77a3,RUW17-217,FZP70,
afacf459-1a15-4bfe-b018-81cb1203fba3,KDS17-390,EHS53,
dc0bd32b-a199-4cea-bc0e-31c3d0f229bb,CAW17-009,AWF10,
3a2c6137-de9a-40d7-9987-cfff446ef4c6,KDW16-338,EHI73,
b3e9d2b2-92e0-4312-8bd4-9712df3c87d7,KDS17-216,EHF95,
6baea4f5-7c68-43fb-83c7-7152d5e5ec3d,CSQ39-79,OC079,
29645202-e275-46d9-8901-40d48b003ffe,CSS17-093,AVU51,
395aecc7-3956-429d-934d-187569372268,CSS17-259,AWA73,
ff842ec9-1e36-4156-8616-d0fd146b53f6,CSS17-309,AWD00,
15af2f7a-e8ae-4175-bdcd-cfbd78ca5fc6,CSS17-475,EHS92,
c77d59f6-a04d-4854-94a5-5e86654b85b4,KDW16-425,EHQ50,
a573c0b0-2bde-44e0-93ca-ba8a05ea4d53,KDW17-122,EHF69,
e89ed808-3eab-4b52-863b-34bec7849738,CSW16-466,EHT12,
cbf71931-e781-46ec-ac0c-0f68f73c5a3f,CSS17-288,AWC23,
a70b91a3-35d5-4767-887b-77b2b0f3997b,KDS16-245,EHG79,
4b79cf4c-23d2-470d-878e-3bcab06de5eb,KDW17-130,EHJ22,
746ed3c8-1d0a-4dc1-9abe-0aa5b8b47ddc,CSW16-499,FZO94,
99b62528-c221-492d-9338-2c412f839d20,KDS17-363,EHP70,
25c28e6e-31bf-4461-a137-7ad872a66221,CSS14-047,NT512,
ba1ad950-0b8f-43cc-9a05-37dd92f60309,SWW16-047,FZQ15,
7ec2c584-d40c-412b-8bd7-0bdbd9e6ef2d,CSW17-495,FZN63,
96e06712-411d-4b45-a2f7-d7830847e727,CSS16-419,AVS50,
6d51f60a-7919-4003-a0cf-776cadb06295,CSS15-160,JLL97,
37151548-9799-4aea-a5fa-be7010eca6c2,CSS17-486,EHX47,
ef8ee565-96c3-4d1e-bb21-646d86368229,CSQ39-75,MT491,
f48eb1be-8fdc-479a-aebc-32d03737a0bb,KDS16-398,EHS35,
84e67953-f6ba-4acd-84e4-2d2a833b525d,CSS17-128,AVV23,
2c87bc91-4364-4120-9cb3-bb81280bbd01,CSS15-249,AUW09,
746a0c14-9aa3-4841-ad62-1f4bf0d7042a,KDS17-391,EHS54,
8ffdc7a7-0885-43e2-a98a-2fce3802887e,CSW12-205,FZU15,
eccc77f6-a620-414a-a124-0ed2dd7b50b6,KDW16-339,EHI74,
92b9865b-64d1-4f11-954d-d1da3cb278bd,CSS17-094,AVU52,
aea5b387-f7bb-4fc8-b4a2-fbb06a0c2dea,CSS16-259,AVD32,
b4f940e5-b10c-4aa1-aa96-8727de4229a4,RUW16-321,FZS81,
f730631c-a9cb-4372-94c4-b08f3abef53a,KD406-096,EHG91,
3780d6ce-3969-49c1-8cf3-7b87b1730c08,KDW16-436,EHQ71,
2a30fdf0-95d4-483b-b8e8-6e978dc0e698,RUW17-222,FZR31,
afb89b90-65e8-44a1-8eca-7f733860415f,CSW17-451,FZH71,
c2692c71-32ec-4aed-b9e4-d35bf76fcd69,KDW16-416,EHQ33,
24b6497b-332e-4ced-a2c1-528399652868,RUW15-367,FZM38,
b58c8580-da47-48a2-aed3-8299f910d95c,RUW17-233,FZT88,
fde0878c-edc4-44ef-9e40-1df5df6bf30e,KDW17-131,EHJ23,
905cac5c-7be5-4ad9-b720-a437cd02c89e,KDS17-364,EHP71,
8072c849-f5af-4151-98ae-0a627f27cf07,DCS16-011,FZQ58,
55806df1-7426-48ba-8b7f-b3cf5a3884be,KDW16-406,EHQ18,
9e0391e3-6052-410d-a488-1517f77150ea,CSS13-131,NT101,
89d6e296-88f1-459c-b195-25450000909b,KDS13-140,EHH10,
dbfa9865-16f4-45b5-a940-f208fd0da0bf,WAW17-060,EHW27,
e18b178f-241e-483c-be3f-c3871485bbf3,CSS18-486,FZT70,
5ea1eb84-8679-4c97-b6d9-2c47d90d54b0,CSF3-2240,FF125,
38fb4b7c-d345-4c2e-a5e8-b4ce6337389a,DCW16-007,FZL83,
c5dbe8c0-ecb8-400b-a19f-b36b7098079d,CSS17-391,AWK95,
a5d4c538-0776-423a-aabc-903c47c8bd91,TOS17-005,EHU46,
32b4236d-1a5c-4370-ba36-e9457271a85d,CSS17-289,AWC24,
fcf144d6-e3f5-4f19-944e-c9d5f14384ca,DCS17-016,EHV76,
e6d0611b-a196-4ce7-a0e8-57e275c3f0d6,KDS17-392,EHS55,
2c159e22-5289-4897-b9da-b77cfa89296d,CSS16-047,AUV30,
0aac383e-f80d-42a8-bbf7-e6880541ffa2,KDW17-123,EHF70,
e6a79036-df06-4675-9476-389d6f3b6ab6,CSS17-300,AWC89,
284d9d16-9f5b-45f0-8b9c-f45f2aea6294,KD307-313,EHH82,
3095aaa8-8ced-41ac-87a7-0ca97a97392e,KDW17-177,EHS60,
4f451177-aa43-41f0-9813-3a516b54627b,RUS17-317,EHX39,
a0c17023-60c1-4881-abd8-fd821a672210,RUW16-322,FZS82,
b84f679a-4d17-42bb-bde6-bc6f978671b8,CSW17-456,FZI50,
f1f8e873-63ed-4d74-9c87-b258cd6e316b,KD406-102,EHG97,
abf216f8-4a02-4962-805d-d626775e6369,CSS17-503,FZI73,
f7340a70-97e9-4f1c-a72c-ea34b8375689,KDW16-437,EHQ72,
01d5ed66-c41a-4fc4-afa5-3431be9d4d5e,CSS16-026,AUV06,
b0a495e0-2ff2-4418-9685-a60501552785,CSW17-447,EHY35,
119e2202-db42-4036-adbf-de380fa163f9,KDW17-141,EHL97,
32b046d3-e5aa-4a78-85c8-1eab3c3bd72f,KDW17-178,EHS61,
34b5b2a4-02c8-40d9-8a75-7ea4122c52a7,KDW16-296,EHH89,
191ef301-74ec-4d5a-b30c-9eb344243c9c,CSS16-115,AUX08,
6d6f8a6e-2133-4988-81ec-57731594f128,FWS17-084,EHV50,
085a9d20-5c06-41b7-a991-989ea2296e15,FWW16-126,FZQ20,
ee4ca4a5-6933-496a-b36b-db762cab3bec,CSS16-282,AVE63,
e075bccb-f9be-4b67-b565-42fc49b93494,CSS14-259,FZR51,
df774cf5-7c2a-448f-9900-0f18bc6d3115,CSS13-098,NR579,
67be3ff2-ac56-4065-9e1c-0dea9644d51d,CSS17-447,AWP19,
e179bf92-d886-4540-a5d7-5b70fb0ac3fc,KD206-172,EHO57,
b31bb68d-716e-4ba1-b719-1b461df25d92,KDS17-393,EHS56,
66024747-c75a-4106-9678-0315c7a482f5,CSS16-167,AUX93,
84f0f509-d472-4c95-b1d3-a1b6ee07f07b,RUW15-354,EHV93,
59d0bac9-6120-49af-bbc4-7775da9b266c,CSS13-160,EHX57,
7dedcda4-8629-4eba-98d1-7ffb9b5e9ca8,KD307-314,EHH83,
7d6aa489-6c5a-4075-8de7-3facb8f4c864,RUS17-311,EHW88,
59d3ad75-649a-4c00-8b89-f87732107361,KDW16-427,EHQ60,
42c707f0-7f4e-434c-9cfe-72ecb33ef8bf,RUW16-323,FZS83,
1ea3c667-054b-4b7c-b573-05411c09fccb,KDW17-124,EHF79,
f113f3a8-a9de-4645-839c-02e742c7eef4,CSW17-457,FZI51,
8c6cd740-8993-4cdd-9519-7b86479fc512,CSW15-358,EHT87,
8c049631-f32b-456f-b196-764abd13dbed,CSS17-504,FZI74,
1b1d3870-445e-43f3-b722-37d3922a794a,KD406-098,EHG93,
efbfefaa-5a8e-4155-90e2-92ead7d51470,KDW17-133,EHJ25,
02f842f5-6285-465f-b435-c04e72623b46,KDW17-142,EHL98,
5cd96a2c-1811-41f3-8bbd-c7db69b4b7d0,KDS16-320,EHN62,
2d58f37c-2a5f-49bd-b1de-68ba64d058e3,CSW17-475,FZL10,
7d814ea5-1599-4987-b31e-b9afcc6cd731,CSW17-488,FZN43,
dfdd1ea4-ae6c-4939-b88b-6c8db578c3c8,FWS17-107,FZP31,
d196bcc8-03d3-474f-97ab-bb4b980cca66,CSS17-497,FZH79,
27dcd616-c241-494f-b366-b91cd641df13,RUS17-340,FZS68,
ba606178-c530-42c9-b2c1-1f7ad7073661,KDW17-150,EHN13,
995951cb-c2b3-4591-94ca-fc058f69bc55,CSF3-3478,MT927,
424dda7f-ad6c-4073-a1d4-f806765c2f45,KDW17-145,EHM89,
21d7b1ea-500a-47bd-b394-1cec6a3b46ee,CSS16-492,FZK75,
87a91a42-a435-41b5-bca0-d1d5d4ebffc4,CSW17-502,FZT37,
e4953986-07f6-4f7f-9a14-ffe1c4e3a169,KDW14-251,EHQ24,
9b7426bd-6912-45da-99d6-dd03cbee4c90,KD206-173,EHO58,
6e6e0906-c58f-4c39-82f1-cd204c0bc8f5,KDW17-179,EHS62,
250689f8-e4d6-4b31-aa24-74fa3ccd521a,DCS17-011,EHS87,
ad0b1d3f-7eb8-4629-b03a-d2d9cccc0ae7,CSS17-543,FZT69,
a663de82-8266-4a76-b762-ffcdb1ce1df8,RUW17-213,FZL73,
a189b28d-25f8-48f5-a005-0993284f3b33,MIS16-005,FZK51,
add929ee-1713-461d-a1b4-35a17be91ca0,KD307-315,EHH84,
54db1b61-d3db-4e9d-9e5a-e14319f7387b,KDS13-142,EHI38,
a6cd840c-f2dd-41f1-bd2c-63276158e1c6,RUW17-234,FZT89,
8a803019-8349-490a-8b16-5cd9da5942ff,KDW16-428,EHQ61,
4dc25dbb-03f2-4c19-b0e3-3a0451792878,RUW16-324,FZS84,
91c88e03-6655-4ca0-9e3c-d2bc7e054f06,SWS17-039,FZP62,
5dc04941-ec5a-4a2c-9007-42765e890695,KDW16-418,EHQ43,
745b0808-7957-402e-9aa9-9cef848eda80,CS105-715,FZJ61,
6859ee24-1177-40cc-a283-a61f115119d6,CSS10-253,EF285,
998fb8c0-9eee-4680-9ce2-9f5be6d72a24,KDW16-439,EHQ75,
ebb546cd-dc52-431c-bed6-c8d190d7b389,RUW17-212,FZL72,
fb93f0f7-67c1-44c9-867b-3ee4d23844c8,CSW15-426,FZP94,
823cea60-abce-4268-b4ef-c047ca10593e,KDW17-134,EHJ26,
7315a2cb-f133-4564-b49c-ec1c1428d7e8,KDW17-143,EHL99,
55c59e94-bcee-4677-adf4-979291a2640d,KDS15-247,EHL86,
a3bc814f-3813-4194-87a6-2ac32c7d28da,KDS16-321,EHN63,
0fd09ed2-0eb9-4a86-a189-97a790bc4276,CSS16-049,AUV32,
4135e91e-dc62-4dea-bcff-0b16500b1655,FWS17-086,EHV52,
3edaeeda-8a97-4bfc-a5d7-ed3df40bb2af,CSW17-431,EHU19,
dacc01f0-4654-42eb-be32-61add076cb64,CSW14-326,FZT96,
d7bc41f2-c1bf-4864-9e86-9cea165130ff,KDS16-250,EHH48,
b68dafa0-b16d-431c-8d40-187a82e3c8b6,KDW17-175,EHQ77,
0208a5aa-1b18-42a8-ac6d-bc64ec1dbaac,CSS16-168,AUX94,
658bd41a-5516-4605-a6cf-7d1d55685aa4,CSS17-541,FZS74,
f8bf580d-a818-445b-b8a1-91404c281d54,MIS16-006,FZK52,
b35a5593-abb1-4777-82c3-d939f6565ab7,CSQ39-76,FF148,
a377e504-71a9-4c3f-8b30-05f72db28bac,KDW17-125,EHF81,
b74b6bbc-cd43-4afb-a9f4-f2d3f6cc8510,RUW17-235,FZT90,
d0b59809-0bf5-4336-8377-0824517d8215,CSS15-240,AUT82,
7376bbdd-ebe5-40ca-b806-835b8b28835a,CSS13-162,EHX59,
f7887458-2a74-4fc6-a465-0f9accab522b,KD307-316,EHH85,
9e5036d2-8c80-4390-94d4-09c9498acb3a,CSS16-138,AUX42,
9871bd6b-2371-4c1e-853d-122b643e650f,BAW16-003,AVJ47,
6da59fe9-607f-4d70-a7cb-6675b5e5d4a7,RUW16-325,FZS85,
2c174b7f-a0af-4db6-ba04-d8bd081b7e67,CSS13-083,NP191,
e42e9171-be06-437a-a1a5-b55997dde762,RUW17-191,EHV21,
ff706c19-4e43-41ae-9d01-cc53dc55ea97,CSS16-261,AVD34,
ec55505c-bd19-436c-832b-a757181313a0,CSS17-265,AWB43,
9863cdfb-f33b-4c36-b505-b4fdc6d7808d,CHS5-136,EHR75,
281250ed-9c2e-45a1-be9f-aafec0870379,KDS16-209,EHG08,
4268973c-3a54-4cb4-bc6d-916c18be72af,DCS17-020,FZO34,
480789ac-4351-4140-bc19-e5bf3be02640,KDW17-135,EHJ27,
c70afe27-e019-4d97-b82b-b2e423701871,CSS16-098,AUW06,
94691b3c-3813-45a9-9cd3-8524b5f59ecf,CSW17-489,FZN51,
3cfb3912-2ba4-409a-b47c-2170931554b7,CSW16-475,EHX11,
a65e7a3c-efb1-4552-a0ea-9f56e54db9f5,CSW17-476,FZL22,
38ce0c3c-7eb0-4bc5-b242-f32376314463,KDS15-248,EHL87,
48c9c878-4f0f-4def-af46-d59058337062,KDW17-161,EHN43,
967f1a5b-f6e5-4c50-88b7-63a7635ede7f,CHS3-740,EHO19,
1e853ed2-d8e7-4b71-8619-a834f9ac6f6a,CSS13-145,EHT79,
0d30647b-8345-4bd8-b366-2b7a82cb9434,CSW17-461,FZJ14,
26f872fb-e14f-4501-b6d3-d1ad2896c28e,CSS16-485,FZK45,
e206fdd7-c31c-46a1-aaa1-603cc8ca315d,CSS16-494,FZK77,
df528594-d69c-49a6-b1db-f4fe746aa573,CSQ39-80,OC078,
c205ab41-81ee-4755-8912-73f42ce2182a,CSS17-544,FZT71,
4d6158d5-63dd-4cd8-8d07-9434797ced60,CSW17-497,FZR15,
e016345b-e322-4ea6-864f-dc33f2dfa956,CSS13-170,FZH99,
488de702-6ae3-4247-9ae0-c169f32e394a,WAS14-061,EHY41,
66bd7f16-3d13-4ec7-9e37-5f88515f721c,FWS17-109,FZP36,
63b34bbd-cee0-4890-9f5c-f4396546d63a,CAW17-011,AWF12,
648722f6-8cc6-4f9d-ace8-8609c4990c99,KDS16-282,EHL12,
95d5680c-df5a-4d9d-9989-3a9b06f92f67,KDW16-299,EHH92,
1199f38f-3bfc-4020-9d91-4dda0061181c,CSS13-129,NT097,
c083a269-957a-4461-8df1-ade7cfbd4ac1,RUS17-328,FZO52,
4665e5ae-bb43-4461-a30d-32fd5e268ff3,RUW16-326,FZS86,
4a04cc00-8261-4f22-978a-dcbbb39c91b2,KDW17-138,EHK22,
3da38907-e55b-4f96-b771-4d8536ebb470,RUW15-360,EHX65,
f39976b6-ecc2-4726-937d-92782573d91f,CSW17-432,EHU20,
051be43e-0e24-4417-bb02-191c5f98de43,CSS16-169,AUX95,
56e604e3-e697-4b97-9588-207d8d3cb0f9,RUW13-190,EHU64,
4d80e4de-3ab5-453f-a800-a95bda679664,,FZL71,CN0234
671b3adc-8fb7-4157-be07-8e7e95f7072a,,FZO66,BS9288
e6b030ec-7aa3-4221-b174-4ec29dfea393,,FZL71,CN0235
ba563bb4-4425-4c7a-a6c1-2829e078c752,,EHO15,BD4187
e803edc3-3cf2-4b2e-9cc3-2f6f9be4097d,,EHO16,BS8044
465f4d4f-6d46-4b12-b23e-76901b6ca438,,EHO16,BS8045
0b070bb9-6146-4d80-91eb-db3f7fd5815d,,EHO19,J90139
3ffa4f7f-175b-476f-9c9b-81d22289fdd0,,EHO19,J90142
dd8366d6-386e-456d-9b68-d7d5e2d5b103,,EHO22,J90143
d6472458-d57a-424e-ab4e-b6c96be6ca21,,EHO22,J90140
a40b982c-9671-4a38-95b0-c62f89d80d2c,,EHO23,CN0708
c342563d-d1bb-4b1e-af20-fedc221084d5,,EHO23,BS8302
f5ccda8c-d696-48eb-9183-d8e4beb5b6a9,,EHO23,BS8305
f384e49a-10b9-48c2-92d4-d2726942b6a1,,EHR75,50184
9d90f187-9b7a-4242-b73f-722ff2fa01a8,,EHR77,BD5006
5703b98e-b814-49e0-a9fc-fcccc516eb30,,FZJ61,70
68c2b585-1923-46e3-846e-c8a6e0b52ad6,,FZJ61,71
dc54e639-df2f-4a34-87cf-3939004967d7,,EHT79,M47398
5ddf36d3-3c5e-45e7-8a16-1bc79c509b3f,,EHT79,M47400
601d1410-c656-4bae-8d36-eb89a8668f8a,,EHW19,BD4595
6b6a8951-03e6-4c41-a241-8a7629c262a6,,FZI90,BD3229
6db9cec9-28f8-408e-afb9-edcb2e69cef3,,EHX57,V53956
a27ebb8b-22a2-427e-8186-1cf36bc88638,,EHX57,V53960
a0b36661-f2dd-49b3-8f55-90e6331aee87,,EHX57,BD1115
789cefaa-dc7b-4283-8385-de07ba8d8056,,EHX57,BS6292
1d515daf-79a4-4cd0-8ac4-4692012c1b5a,,EHX57,BS6291
3c987f5c-1149-4df9-aeba-7309935ccfdf,,FZI73,BS5263
b6d27b2e-6e8e-435c-a0e9-33a88715d530,,EHX59,BS9675
8315d6e8-68de-4613-8534-c03e6b25569a,,FZH99,V53959
fed553bd-df58-4e9d-9cfb-6ac5b904c031,,FZH99,BD1403
97b5482f-e4d1-4a17-8a70-a882850917c7,,FZH99,V53955
69681315-883e-4e26-b9ee-7b7d6d38bdf7,,FZH99,V63602
ae7d7d47-5d3d-4128-8129-4f4969919445,,FZH99,BS6289
c5adee59-28fa-4dbf-88f6-46857cbcc580,,FZH99,BS6290
99ef7297-c542-470e-98f9-31e8f4a729c7,,FZR51,BS7975
d1b55666-f0c5-4ca4-b2ec-ed1900d22171,,FZR51,BS7976
b82b643e-5d89-4bc2-8705-8ef84964173f,,FZR55,BS7973
6ead2767-7353-48d0-bc5b-11d8ac45d7c7,,FZR55,BS7974
5ca78d19-4648-441c-a6a9-29b750d31c9b,,FZL32,BS9012
5fd32f6a-013c-4d1f-bc0d-54c277f9370c,,EHT86,BS5808
919d8469-1944-439f-a03a-0fe704b57e4d,,EHT86,BS5804
754552f0-3055-44dd-8b60-124075bdbaf3,,EHT86,BS9018
5a8dfc5f-8600-41bc-b63b-15d29d38aa33,,EHW22,BS6310
c49d054d-39e4-49de-abac-59f585d3166c,,EHT86,BS9017
abb18491-540d-4660-a100-6e2255b6150f,,FZI26,CN2067
a66060e2-f53f-43b8-bece-741f46cd0034,,FZI26,CN2068
ed4a031e-8f73-4f05-9c77-6679d8cc5e13,,FZI38,V69630
2c6ecbad-3519-4689-8505-3ae2d98e66c8,,FZI43,CN2057
875c8705-8f5f-4a31-a879-d5c9997dfe92,,FZI44,CN2058
e2af2874-9b6f-434c-9984-617d559b4445,,FZI90,BD3232
f1175721-511c-4936-b123-23c240d38e9b,,FZK45,V69407
fd4aec00-62bb-4b63-b297-bafa0e1766e4,,FZK75,BS6460
0216586e-39ea-4139-a2fa-0ba26cafe686,,FZK75,BS6459
7d32ce36-41b0-4117-8ade-c24111ecd558,,FZK75,BS6458
27405e85-c63c-469a-be4c-7b466ca9b139,,FZK75,BS6457
3f4ebaf5-2f81-4bd5-a180-adf00f282050,,FZK75,BS7894
a0397b4a-d56c-4c51-aab5-fab79abe5fed,,FZK77,BS6465
1470b7aa-1e5a-4c1c-81b2-8c7c2fa49540,,FZK77,BS6464
4255616d-f7a4-4044-be78-36791989fe7c,,FZK77,BS7011
b35eb35c-1f8b-4b51-bc5f-446c7ff45836,,EHS92,BS6785
f6c9cd86-6512-4aa9-83f7-c58cf7dab160,,EHW22,BS6311
b2852d37-a59b-4b2e-89bf-3b563845c838,,EHX46,BS6454
e814907b-0cd7-401a-98bb-e04c1b3ca0b1,,EHX47,BS6452
26be0c3c-6999-4f18-b1b4-e2b733703a78,,FZH67,BS6470
3c911bb8-a600-4b5c-9eb7-9fd0d4db9164,,FZH67,BS6469
5eedf48e-5399-4e57-903a-b69dd558638d,,FZH79,BS5819
e60d94e9-fd69-46e9-9d1d-0988cf867910,,FZH79,BS5818
15049c7b-8420-4b71-8dd8-567efa446c55,,FZI73,BS5261
70673b49-dc97-427f-a073-489258708c43,,FZI74,BS5262
2accba6e-77db-4580-ab36-657695285f93,,FZK39,CN2260
9e9f4e0e-7341-49d1-91c9-78f27bdef835,,FZK39,CN2259
bb9a205f-4d6a-4206-92fa-b13597ad9cd1,,FZK79,BS6300
1ef7cb00-8555-4ad2-8df1-8ff206669469,,FZK79,BS6299
70a45b8c-28eb-4af8-8f27-db72600f7917,,FZK79,BS6298
23ca64ec-bb2e-4259-8f39-c627d7da2ae0,,FZK79,BS6297
2f618ad2-74b4-411f-9a58-ed15c144aed7,,FZL55,BS7349
95854b58-5b54-415b-bb60-b9f3160e0ac4,,FZL55,BS7348
9a76da25-2165-4ab1-8d35-329c553ac5e7,,FZL55,BS7350
3259797f-22bf-4134-9d18-c8e8fecd9e65,,FZL55,BS7347
09dcdf26-8b2d-48a3-9b3c-ad5a37a3230a,,FZL55,CM9239
f5f215b2-c18c-4d04-a596-b1faf3737da7,,FZL55,CM9236
db26233c-ec7a-4c86-853f-eef1c8c91bfb,,FZM84,BS9014
804c8ad9-6132-4c1a-9d58-c52507aa83b3,,FZM84,CM9207
121bb63c-3d79-46ad-989f-4c2756b7b6ab,,FZQ30,BS7418
fba8f712-6092-41ef-8934-9c9b80d82848,,FZS74,BS9437
66b37cb3-443b-4502-a121-998642da90df,,FZT69,BS9235
dca1600e-6916-4fce-91fd-2b57d797cd71,,FZT71,BS9211
908600be-ba0a-4fed-a62d-f64e27d83163,,FZT70,BT0003
82e7fca7-0bbe-48ff-9dc5-3205cfe76483,,EHV32,V61811
0726d04a-f874-4054-bcc0-8b0897a2532c,,FZU15,BS7100
fa9887c5-b50b-47c7-9e72-7a1da5a9e4d9,,FZT96,BS5380
edea6f51-837a-4328-b353-ca8451a540fd,,FZT96,BS5382
3c98f411-1e20-4600-b108-68dfb6cdc4e6,,EHT87,CN2435
8db2a849-2289-4ef4-bd2f-ee23e97ab373,,FZO28,CN1422
b7ceedb1-7bbe-4a10-a0f9-086d86620f0c,,FZO28,CN1421
2c6eb1f8-84a2-4bea-9502-c75f778102e9,,FZO28,CN1420
8ce06bfa-6a5d-45df-ae06-5b8dcb13b082,,FZO28,CN1419
373fcbf3-0c0f-4d35-bb97-1f3fe397e8a8,,FZO39,BD1928
07ae8eb0-61eb-4257-8e09-836ddf08f680,,FZO39,BD1927
c443d716-2235-4d2e-bf65-21429161e94f,,FZO40,BS5228
033ea435-ec88-444a-ab94-4856cfbe0076,,FZO40,BS5229
82e099eb-a933-41d0-81ac-a0cb1851d6c1,,FZO40,BS5227
8c97ba08-f2ca-44fa-9489-ddfd1dd44e1a,,FZO40,BS7799
eab58647-6c0b-4d24-9206-3fe007a056ff,,FZO40,CN2275
f8ba2821-18e5-413b-ad32-0681fad6c6d9,,FZO40,CN2270
f540fbb0-e323-47e4-bffc-77076ad3380e,,AWP54,BS9544
d32bd6b2-9b2b-4d87-ba2d-01e03e076698,,FZP94,BD4473
0d6c743b-709f-4512-90ec-675df72ef656,,EHT09,BS5250
b552fd8b-2d76-49f7-b4f8-9dc10d6ce09b,,EHT09,BS5218
cb9d2a4a-8fa5-4a24-b690-49a0a89f9eea,,EHT09,BS5219
53e61e7a-b751-4c02-b491-14aefa43dfc4,,EHT12,CM9910
387b31d2-7673-49bf-8317-2bee0975a8b3,,EHX11,BS6224
e4dc35e3-29f1-450d-96ac-070dea7b9863,,EHX11,BS6225
0cff1337-113e-4f48-b55d-53ea85a102f0,,EHX11,BS6444
f0e03a21-4c91-437b-b9fe-8959e413c662,,EHX11,BS6445
77542bc6-e6d4-4b51-924b-78773df7c8e1,,EHX11,BS9019
e2fe5da0-7491-446d-bd24-eb4e50cfa544,,EHX11,CM9100
33025aa7-c34e-4d83-b456-bda55ae23099,,EHX11,CM9241
865b092e-0138-43e5-95ab-38b5d771fd6e,,EHX11,CM9240
011441b4-18ce-4483-8af2-32547b99d9c8,,EHX11,CM9243
6970d89d-6b6e-488a-aeca-c887fd4d187d,,EHX11,CM9242
d70e68c3-3a8d-4473-87f2-83ff78de7141,,FZO89,BS6357
33477fcd-2b3d-4aa0-8794-dab985db2c2d,,FZO89,BS6351
c7c29884-beb3-462d-9b60-78daa60c40ea,,EHU16,BS6523
2a5b14c8-d117-4d3b-a6f3-0e863a81451b,,FZO89,BS6350
c11f3c26-69cf-4228-a231-14ea9d6e3f15,,FZO92,BS6286
d24b1978-cdd1-4e71-99b5-a33c6482c2d9,,FZO92,BS6285
2a34d8c0-0479-429c-b893-d6676cbbbf3d,,FZO94,BS6389
ac26a889-31c1-4e04-ac12-f05c021f1005,,FZO96,BS6493
497c74b5-1162-4241-89da-3516bb0be8cb,,EHU17,BS7899
fcdee5eb-6020-43ee-ad75-9c38c996c357,,EHU17,BS7901
af1fbe32-fcc4-4213-a54f-529082b764b1,,EHU19,BD5847
e150584a-e5bd-43a2-b92e-03b5612eaa1d,,EHU19,BD5848
72462607-0177-406c-856c-183cf25429fc,,EHU20,BS7877
44b0be6e-c49c-4258-afc1-8f193bd98cc8,,EHU25,BS5814
2c128624-2a83-40b5-8d47-01300b4ed46d,,EHU25,CN1830
453de034-17c0-49e4-a1d1-0d1a78ef3981,,EHU31,BS5156
67c8c3e5-8e01-4259-84d5-1cb67ed29073,,EHV07,BD5807
6ebce82a-fd2c-4cc8-a220-c56b7ba7bf89,,EHV07,BD5806
cfaeeaca-ebc9-4a64-b046-5560521b41f6,,EHV07,CN1870
79e665e1-2bf2-4c8d-826b-d0b1eedfae64,,EHY35,BS6191
f08dc44f-5b28-4a14-95a1-f8ec74dc7a1f,,EHY35,BS6190
21cc88d2-9251-40cb-b49e-141a29dfbd5a,,EHY35,CN0395
c384a79e-4abd-4748-b469-497358f001f3,,FZH63,BS7727
aa1ce3f9-970f-4a38-9d3e-179440a309af,,FZH71,BS7895
23fa8e8a-b56d-411e-ad33-28008f4ca9df,,FZI48,BS6367
e06f231f-fa09-4654-bd38-cc53272f2949,,FZI50,BS8133
9cc16e56-619e-46cc-a53a-7553b0af5c2f,,FZI50,BS8134
984c0c15-492a-49a0-bed8-9d5c23b1978f,,FZI51,BS6281
db31c16b-de05-4118-a98b-c473d104fb35,,FZI51,BS6280
a92b4e4d-27bc-4f2b-a370-e3b6135db379,,FZI51,BS6279
e3c5f712-1c5c-464d-bf99-1b60c4531e1b,,FZI94,CN1779
40e82369-6cb1-469d-a61b-8bf6a9b62a6f,,FZJ14,BS5244
16d50f3c-88ad-4387-aaf2-650011314a74,,FZJ27,BS5241
a17bf036-b909-4c51-9875-1c828d3e502d,,FZN51,CM9211
2aa8c593-ea63-47f6-afb0-2159c159564f,,FZL10,BS7993
aa4f7010-5404-4775-8c18-f37c365cd38d,,FZL10,BS7990
a9d4e95d-6f07-4bc1-bad3-f83089d969ad,,FZL10,BS7992
f59d4cff-f0c2-4b05-a760-53af057d6ae8,,FZL10,BS7991
1b726afb-be22-45a4-8c36-f53c04505c3c,,FZL10,BS8196
b011c359-bc1d-4619-aa29-562e43702725,,FZL10,BS8197
b0004511-e388-438c-9bf7-a71cf314d77e,,FZL10,BS8198
f07073e2-9046-4ce0-be50-943351f4c9a4,,FZL22,BS7947
e29552c8-cafd-4f7b-b1d5-8f9f6ee9f034,,FZL22,BS7946
abff81e2-a7be-49e0-a86b-011b6dfd76c5,,FZL22,BS7948
35bf77b7-07f5-4b1f-8061-b3b0b03be68f,,FZL22,BS7950
563ed7cc-cbc0-4e7b-b381-c7a058dd45c0,,FZN43,CN1299
f00114ed-f41d-4792-a55f-c6c9e189d67e,,FZN51,CM9212
df3976d1-3b05-4e5b-a444-1298d26ae33f,,FZN51,CN1699
0bfe8914-2582-4334-9da2-9faaee753559,,FZN63,CM9196
17fd08a2-d4fa-413e-ae39-063600ebb0ef,,FZN63,CM9197
8c1416ad-00c7-4d30-b6f5-5660a4681bc1,,FZN63,CM9198
deee7acf-e77b-4a34-a162-1829ffd641b7,,FZR15,BS9683
12503240-cb30-4243-aa37-3881df72d792,,FZT02,BS9125
16e72c40-2575-4542-9aa7-1bbbeef1e69d,,FZT37,CN1833
7827853d-92e6-4f6b-9641-7a648c55dbdc,,FZT37,CN1832
1fab8b68-f634-4abe-a41f-6c0993b5f4a1,,FZQ58,BS5904
98c2dd64-b831-4033-98d5-a4b2379281c0,,FZQ58,BS8279
023176e6-7122-4312-944c-b21a720467c8,,FZQ58,BS8493
55901fda-ebe6-42be-b83f-67335f2617fa,,FZQ58,BS9480
0649d5d1-9574-4b2b-825b-dde209ee767b,,EHS87,BD4973
1c2b5698-2ba1-4f2b-a705-b564182232be,,EHV76,BS8214
32ca6fd7-033a-46de-b110-c96f4f904542,,EHV76,BS9483
bed2fe4c-01dd-4133-a10c-e3c43fb311bf,,FZK67,BS7344
2d56c257-758d-4620-b1b2-45f353725f07,,FZO34,BS7045
26e3b1bf-9262-47fe-9e65-e1edea8d6a0a,,FZL83,BS5955
15d46f01-4252-4b9b-b243-ec49dc2cf03e,,FZL83,BS9484
3cf35511-5d72-47c6-ba86-032918c086db,,FZR98,CN0203
d07a1acb-d978-4e58-8dcb-c3d72ff7adc1,,FZR98,CN0202
345b94ea-b77e-4093-9987-378b29f66e0b,,FZR98,CN0204
1b3e0c66-d394-49ab-9711-9fac40aed65c,,EHV50,BS5866
1641235b-95f5-4388-9204-f0db354d85b4,,EHV50,BS8053
8adfea42-768f-4826-bf7f-57a906bac738,,EHV50,BS8054
d4ca5391-f729-4dd5-8241-b2239908d152,,EHV50,BS8055
98c606db-efbc-4636-a4df-92e69d59be3c,,EHV50,BS8056
0071dd21-cbb9-450a-9e05-12c037f84148,,EHV50,BS8057
326f5252-bdda-4774-bfd5-3c7549a67715,,EHV50,CM9388
9b9f714e-ebba-4f6c-981d-9edfeb23d1cc,,EHV50,CN1066
b74cfa08-e43c-46f6-b32c-f38a7bdc2e16,,EHV50,CN1065
f6c851e0-f346-4de5-9781-7a8c78d137cd,,EHV50,CN2252
0d4652c6-9bab-48a6-aa8c-920b5cd3a46b,,EHV50,CN2251
8a0cbdaa-64c3-4a7a-aa53-d0b1cc899679,,EHV52,BS5867
ff115aba-c879-44df-bd8e-c5e56ffcf42c,,EHV52,BS8058
04e89569-fc8e-4691-a7a9-b12aba4208ab,,EHV52,BS8059
f5442ec4-3fec-4ee7-a6a1-3036c36ba8e0,,EHV52,BS9571
9fdb2030-4d7e-46b4-bc71-20e168f978e5,,EHV52,CM9391
686e9673-e595-471c-9896-d9e6eee6cb43,,FZP31,BS9212
1190ae67-59b2-41d6-96d5-ff357d21017a,,FZP31,BS9210
30b8a995-8b7d-43fd-964b-70c59d4d55ab,,FZP36,CN0195
be529b17-1004-411d-9d0b-5811dcdd4f03,,FZP36,CN0194
a79f11e9-f1f9-461a-b4bc-b34cdcfcf614,,FZL25,CN1922
f226283a-9f40-4472-b5a8-cebf3dfbccdf,,FZL25,CN1920
5562db28-28e6-47fb-aa41-dbb7d80c6696,,FZL25,CN1921
5f2ea007-c5c8-4a70-b10b-90de4f2ba9bf,,FZQ20,BS9175
04578c8f-3f47-43fe-af27-e3924f86c891,,FZQ20,BS9174
80291902-b775-4260-a7c2-4e3e327147e4,,EHP89,BS6081
242ca697-6918-4357-bab2-4c033af85ced,,EHP91,AR2439
ba087f39-f25d-43ea-87d3-65b0c2cec2a0,,EHP93,BS5679
921d46f5-3127-4d2e-aa3a-5098cad98743,,EHO54,BS8836
ec8853f1-fc00-4244-bb44-76b5fc4e7261,,EHO57,BS7286
90f74925-0578-41e6-8c71-af150dc3a0b5,,EHO57,BS7285
3ce80ce5-bffd-4028-92b9-db8e60e9047f,,EHO57,BS8847
16e36c22-1ff1-417c-8489-8e8f5913af2d,,EHO58,BS8773
af29d9bb-7e16-42bb-8609-88a08ebdec87,,EHO58,BS8772
edb4c915-8bfa-4be2-acb8-d3ec602ee81a,,EHG93,J21507
6df603fe-873f-4b82-ab11-b1c7333bfb6c,,EHO58,BS8771
57add46a-6392-4e91-86c6-c7486807a514,,EHO58,BS7598
54cab9ab-fa96-4195-aad7-64e7d2cad63b,,EHO58,CN0237
bc9d822d-fafb-4558-8653-9ea680fb300f,,EHO60,BS8833
9af52dc4-3997-4a46-b760-d997d6e5c65c,,EHH82,CM8740
19a846ea-086f-4e35-9b17-c95b51117aac,,EHH83,BS8848
c2941332-eef9-41c3-baee-fc899c963678,,AWP55,BS9545
98dbbdd8-ae2f-4ba3-a29d-fd45439a1f6b,,EHH83,CN0238
7da89adb-168e-49ce-8ab5-ec88a0a1212b,,EHH83,BS7287
3118ae9d-b119-4951-90af-6e09dab84cdc,,EHH83,BS7288
71b19169-5497-4ca8-97de-443299dd733f,,EHH84,BS8774
1a291449-82d4-4d71-a9ed-64a348809afe,,EHH84,BS8775
27601cdc-6e29-4762-9980-79cc0d71853b,,EHH84,BS8776
b6a6c091-b436-439b-a067-c33a780ea8d3,,AWP55,BS9546
e3bbcb25-8194-4b7a-ba48-30c8a5bc6de6,,EHH85,BS8834
a123b846-0b24-4b89-9183-3f8822aa3082,,EHH85,BS8837
2edc1f71-8ff4-4746-8bf5-ad80cd82dff2,,EHG85,BS8677
a6bace6c-adb8-4ea0-ad44-a70889751d46,,EHG85,BS8676
ecbddcbf-64e4-46cb-9f80-2fe63d7b1abf,,EHG87,BS7793
01450f2e-8c9b-431c-8cda-9dba892fd1af,,EHG91,BS8681
65b0fa08-b809-406e-a6d9-f1342b5017ee,,EHG91,BS8679
52a399b3-07eb-4969-bce6-4b9aa952f718,,EHG97,BD2698
bf813f16-32f0-402e-a87e-308f838054d4,,EHH06,V47572
22aa267b-6551-4feb-9014-4cfc964b0ad3,,EHH06,M47445
da8bf4b6-7d33-4e31-8fa4-282eec7626ec,,EHH07,V59309
9e586b01-6585-4857-aa4d-d63a78124a88,,EHH07,V52988
78336780-893f-4ce5-8f4d-d305266fcf62,,EHH09,V47571
e305f83e-481f-4301-82a2-ddf9c87124f2,,EHH09,V45366
cbf20f7f-f525-429f-9ba2-18d5ab8f31da,,EHH10,V59308
ad0b2c3a-951b-4dc9-83b3-7c93a54c1513,,EHH10,V52987
e61400d1-2493-4322-b685-bda866aae553,,EHI38,BS6085
ac6caf96-57a8-4206-bb48-38521ce2d496,,EHL86,BS5530
750b2bfa-7d2e-4823-add1-160a7e15469c,,EHL87,BS8294
5264f9ab-f352-47a0-be9f-f76a92227649,,EHL87,BS5531
83bede47-22d5-466c-ae87-2b8ae4793354,,EHJ70,CM8780
3a09889e-59c5-41e6-a220-c4ed3ee4498f,,EHM84,BS6073
ada2c817-1812-448d-a917-50fb70326e3d,,EHG08,BS7225
7e7347da-5cf9-4eb7-b749-96ac2d464b76,,EHG08,BS7228
f929bdf1-ded5-4516-9175-c530e6b49ef3,,EHG09,BS7226
f0343436-cc29-43a7-afca-9b9a12d5a819,,EHG09,BS7227
6a38c668-7e92-42ec-a80c-48559c44a1b9,,EHG12,BS7552
983e89f2-d6e3-4305-8b34-5c1dcdc47b5a,,EHG12,BS8736
38a0fc0b-4b1f-4fd6-a747-44d93edb9f3e,,EHG12,BS8737
e24a8fd4-71a7-402d-bcc5-53acc4e7028d,,EHG25,BS7222
c74e247d-4e7d-4601-8e62-60be9ea22d76,,EHG25,BS7223
5c87f8f4-8ca7-4866-87e8-c56643d1c59a,,EHG26,BS7224
8964a2c7-6f99-49c4-b735-c17d9d3c43d7,,EHG26,BS7221
91d6b485-d4cd-4127-a451-733a9932f64f,,EHG77,BS8741
b1f961cc-2acc-4638-89a9-9fdc897516db,,EHG77,BS8742
fb126122-a1ab-4970-af15-c0b7b9c43434,,EHG79,BS7551
55d7d268-e919-4b82-8d68-eca88e7c3c96,,EHG79,BS8740
ba9d74c6-5191-4794-a4aa-0a66c363236e,,EHG79,BS8738
288b7db4-e792-4fdb-9fea-c782fc2df406,,EHH45,BS8442
83532085-7461-413a-ac8c-1779c425c74d,,EHH45,BS8445
e1f0f4e2-8c49-4e79-9ba0-b8be4841fe3e,,EHH46,BS8438
67b5ba68-0ad0-4e6e-9928-db121f472014,,EHH46,BS8642
0a3fd31a-3599-463a-bb7e-44f4361104bf,,EHH47,AR3601
8d5b84c3-d4ab-416a-8fdf-4ce7b2ba0f87,,EHH47,BS8434
e3dd93c3-a422-4ff9-8779-a48046d7c734,,EHH47,BS8436
7881e808-61d7-4575-a86d-b8a1cef769ba,,EHH47,BS8437
a5616b1e-8540-457c-9ce7-e22bbf078a70,,EHH47,BS8441
a57de75e-7ab6-4c3d-bae9-53653f2fbce4,,EHH48,BS8443
d20a0dee-3cf5-4e66-9dde-e8988c3cbcc8,,EHH48,BS8444
190d4282-e805-4e23-b626-d200e4f4b08c,,EHJ79,CN0387
4a323db4-3cad-414d-8b71-e4f2cea08b5c,,EHJ79,CN0386
2c1902b3-ad47-492d-8af2-430a56a3e8a3,,EHL04,BS8723
60aeb785-c829-4bd1-881e-63074bc4a72c,,EHL04,BS8720
cf7f84e5-fd6b-4545-91e9-4caa55b0216a,,EHL05,BS8724
20b2c3bc-dddf-425b-ae7f-ec857016d9aa,,EHL05,BS8727
93c5c811-682c-4aae-9b46-eff8aadde343,,EHL06,BS8721
3d94abe8-42d6-4b74-bb61-532b4846d742,,EHL06,BS8726
fcbe6353-6f08-42b2-86e4-ae8f7e693ee9,,EHL07,BS8722
e461aad3-4fb9-4f93-8f0b-95d3b92e6d39,,EHL12,BS8696
dab5c9d1-2595-4218-8650-bca728cf41c7,,EHL12,AR2318
f33115f9-b9c0-4fd4-baa8-ce374e3162fd,,AWP56,BS9642
81d1789f-3c99-4007-a740-402ee3d34660,,EHL12,BS8701
e4bae639-597d-41ec-821b-ce2d185fff70,,EHL13,BS8697
6a956aca-48dd-42e2-9dc1-27cde1b7299f,,EHL13,BS8698
a9076702-5fc8-4207-bd80-2f90c9fbc444,,EHL14,BS8706
fc108a81-199f-494f-989f-45c45b4f833f,,EHL14,BS8708
b125a52e-1880-4434-97e5-f81cadd11860,,EHL15,BS8704
02dd2597-b0e1-4889-bfc4-86f43b003b3a,,FZL21,CN2378
077a1f45-0e9c-4421-b40c-e12ae1848b0e,,EHL16,BS8719
5df2b583-8ef4-463c-994d-d2189fb4e403,,EHL16,BS8711
0db2613f-d978-4a2f-956f-e6349f3489ad,,EHL17,BS8712
fe286fad-4fd5-4806-9d8b-91a1f51e0fe7,,EHL17,BS8717
24d6c236-8dd6-412f-b129-ef3be03bf9c2,,EHL17,BS8714
8bea6e7e-1202-4b69-b3bc-c8fd61f56323,,EHL17,BS8715
5f9b195d-a13f-439c-8b18-c56934564852,,EHL18,BS8718
95ac1c0b-6425-482d-bf60-e79221b5796b,,EHN30,BS8947
829becbc-15db-4270-a4f5-fd226fa625f9,,EHN62,BS8010
f8ca1355-b3c5-40a0-9670-db5b3420b71e,,EHN62,BS8004
ec34b65b-9024-49a6-b528-1b24de75f354,,EHN62,BS8471
723c1912-5948-4370-a81e-859cc7be8074,,EHN62,BS8012
26dd762a-a033-42e3-abb1-d3bfd603805a,,EHN63,CN1408
d3be93bf-21ad-4df1-a703-9679e1b62de6,,EHN70,BS8020
b0a7395a-5569-495f-8f79-2ac861e1ece1,,EHN70,BS8018
038ac542-bb0b-49f5-971d-837f2efb9180,,EHN70,BS8019
cd030c5c-b381-4300-8f04-f1aa6fd03859,,EHN70,BS8472
394a09a3-71fd-40c7-9f18-82f08ef0af92,,EHN71,CN1409
f4281aab-bd78-4807-8d6c-68017d3286cc,,EHN78,BS8028
2ad4900a-9036-4761-a2c8-c5f214648122,,AWP56,BS9643
2ec3b8c2-3157-4ae6-b8d8-e025b996b7f0,,EHN78,BS8029
dd10d498-4df6-47c4-bf97-6fd273d46db2,,EHN78,BS8473
06de29f3-16b7-4f4f-bd45-1bdf0a99e8ba,,EHN78,BS8025
a9561280-6da5-4f65-82ca-5c8cd43f40b4,,EHN79,CN1412
10bc6862-a66b-447f-aaaa-bbfeabaaeb5a,,EHN89,CN0058
396aea90-9288-416a-9720-253162f28f58,,EHN89,BS7329
3f47d10f-8453-47df-aa43-83c5d401e0d9,,FZM30,CN2371
44167ff7-b1e8-4541-a5c7-ae1f84751430,,EHN89,BS7330
18bdf316-c17c-443b-95de-6389c9f4f1b3,,EHS34,BS7922
f7dde80a-4553-4ecd-88b7-2f8a03dcff99,,EHS34,BS7925
583f89cf-5bd5-4b8d-afe6-fb973e018944,,EHS34,BS7924
e83f672f-aa29-410e-a585-9d1157c97a1e,,EHS35,BS7917
8d53cc3a-7162-46dc-a881-6ca91607f7e9,,EHS35,BS7919
48f60ca6-0818-419f-a2e7-70fc37951de3,,EHQ43,BS5631
ea0ee80a-bb54-4da8-9ed4-109ac3301943,,EHS35,BS7921
9b7c90d2-b84d-4b93-a125-2751b3becb27,,EHS37,BS7333
4d659696-acf4-4534-9fc3-5e8a06f55037,,EHS37,BS7334
b52b7ee4-38bc-41e7-b292-6962daa98176,,EHS37,BS7336
d33f9f3c-a492-4c01-8796-32aae1ef2072,,EHF92,CM9692
dd9bebc1-1fb4-4578-a996-ae8aeb6ec337,,EHF92,CM9694
4870a5ea-c32e-4fa8-92f5-82caf955121c,,EHF92,CM9696
82d446da-bce7-4fcc-9cb2-ff23459c18a8,,EHF95,CM9693
ce69ebb0-5749-404c-8425-dd6780876c70,,EHF95,CM9695
76121a74-5a75-45ec-b3c5-4857a4a83d36,,EHF95,CM9697
9b2b60c4-5b42-4be9-bba0-7fc08c21783d,,EHH78,BS5604
0856b395-53fb-4f90-90d2-6d75ff5a9a0c,,EHH78,BS5600
e51f441e-6e06-464c-a731-9c518a4738f7,,EHJ07,BS7237
e4333c5e-36ee-44f9-82f0-9ee85aacffbc,,EHJ07,BS7238
20386f44-1cce-4e1f-8ad8-72c145aeea68,,EHJ08,CN2003
93f96128-d1ed-4108-9a17-62dd72fffba5,,EHJ09,BS8941
7a8a2625-ff39-4602-8266-df380700e754,,EHJ09,BS8938
7e50148e-3145-4fda-af5e-9e12db6c8e99,,EHJ10,BS8945
deb2bd93-fd4c-4ddf-ac03-77f1ca3dc9c5,,EHJ10,BS8944
5e4c3b39-2169-43a7-bae8-6617d89281e4,,EHJ37,BS5582
ab0b731f-8df4-4ad3-be92-319618f914e0,,EHJ37,BS5580
0e4ea8e1-0abd-49ac-9e6e-72b411bfae27,,EHJ39,BS5581
fdc96db3-7a5c-42b9-8f5e-a40b31b8ab46,,EHJ39,BS5583
803f2e71-294e-4002-857c-88afcacd46ce,,EHJ49,BS5973
a863baeb-61f2-4738-a694-b4d52e4c5874,,EHJ49,BS7098
e6067494-7c62-4845-9769-a6f3f2e3807d,,EHJ49,BS7101
654e9bc7-89fb-44ab-a993-c89bdc178a9d,,EHJ66,CM8775
b155537a-56b7-4dac-a07f-c89cddb992ba,,FZM30,CN2372
fd3b7625-b637-4230-a00b-aa13f0ff69c3,,EHJ74,CN2005
a5cd1772-37d5-4e77-bd8e-bca666a964a9,,EHJ74,BS8939
a052e46e-c28b-42c6-a4e4-069228f0f113,,EHJ74,BS8942
5b104b44-e3bf-4078-905b-a46a209b7c66,,EHJ74,BS7459
10bd7884-ab73-4038-9825-e0216a82895b,,EHJ74,BS7457
07220743-100d-47dc-a12e-dd4e28dd2f5a,,EHJ87,BS5606
5b389647-cb88-496b-b84f-2b86a3157ccc,,EHJ87,BS5605
3d813a00-f972-48ba-814b-aa92c57b4c2e,,EHK02,CN2006
e7574816-665b-40c0-bfa9-15a4b364cab7,,EHK03,BS7461
a2b9cf6d-80be-4b2a-a3b0-3894eb48f2c6,,EHK03,BS7458
23b32ec3-3588-48db-af28-743e77506df9,,EHK03,BS8943
38c23fe2-583f-4526-bc02-a9ca4dbde2ba,,EHK03,BS8940
c9f9aac4-9384-4fca-9263-56042b173e07,,EHK28,BS9238
704b299d-afb1-467f-9a14-54ffee3f8172,,EHK65,BS7932
57ab938a-25ba-482e-a0f6-38bdc6ae9f5b,,EHK65,BS8480
5d3e99f7-cff0-433c-9307-aa9c483001b4,,EHK65,BS8482
329e2823-25d7-4c95-b0f7-7c5447d6ec8f,,EHK65,BS7930
a555e15d-3278-42c9-bce6-1bd3fcd26b4e,,EHM77,BS9336
8392d64a-1955-4674-9372-f976d9817633,,EHM77,BS9335
40554144-4f1c-43b5-96bb-854e64492f1a,,EHP59,CN0293
5a1239a4-cd1c-46ac-986a-d20b3e991942,,EHP59,CN0294
79a72238-be63-48d8-a2da-92c01846599e,,EHP59,CN0292
d1efba03-8ac2-496c-86e1-2679bdcf9c2e,,EHP69,CM8741
8b26f2f5-31ff-4b81-bae5-6a049c88755d,,EHP70,CN0261
84a6d1fe-2471-4aa8-be84-0a386c7d90b8,,EHP70,CN0259
34ea3d0c-a147-4457-a580-e0de83eccf18,,EHP70,CN0239
f8cd04bf-67d9-4660-9b88-95ef74cc5189,,EHP70,CN0260
0d60810f-7fea-4d71-a095-dd89117d34f5,,EHP71,BS8835
e9224731-3942-4ffe-af93-1cdc13616a0d,,EHP71,BS8838
b9bd981f-e066-4699-b096-f480f4884eba,,EHS53,CN0286
4e8af3f7-86a6-4ce6-92f4-2d56c71e8491,,EHS53,BS7938
bf95665f-29f9-41f9-9c19-7fd4151966cd,,EHS53,BS7940
f5254383-10cd-4bd3-8d49-449ce06dec07,,EHS53,BS8483
ba921c6c-b478-4841-b86f-f8531e815209,,EHS53,BS8484
5a042f59-056b-4e23-8f4a-1c507d99510a,,EHS54,BD5169
3a2c741d-f4f4-49ec-87a6-def0c81b262c,,EHS55,CN1792
bd31bbbc-1c7b-4310-90d9-b94e9d1bf22c,,EHS56,CN1791
2bd94be7-1e38-4fbf-b3ce-35e9f4456fd7,,EHQ24,BS8966
6362b7eb-6072-4b0f-981b-c40152d64698,,EHQ24,BS8969
08760bb7-0f0e-43aa-a671-01d1dcdd0577,,EHH89,BD2997
289bdeae-0635-4ead-a5bc-15675f9e3e3c,,EHH89,BD2998
c69022bb-fde1-4a13-afa8-95c7dae3e73b,,EHH92,BD3000
3f4785a2-a71c-4752-8bab-f7affb9c3999,,EHH92,BD2999
3873051b-ea0a-445a-a8fa-29109155c0a6,,EHI73,BS7783
f72995f3-d985-4719-ba7e-e8e662932d34,,EHI73,BS7784
5101f608-ab51-44e9-bc3d-85ebd2af1bc4,,EHI74,BS7781
15d1881d-3c70-4fb1-9b6e-6a413e49d5d1,,EHI74,BS7780
ee616363-59cb-47c5-b17c-d3cecb1f8cc5,,EHI74,BS7779
0c5fcf23-69c0-4402-b9a8-98afdf69b2b9,,EHQ10,BS5636
5be6c0b7-7420-41af-9377-7af3e4183b0b,,EHQ18,BS7831
81c2b080-762a-4b83-9cf1-d6a7cecd999e,,EHQ29,BS7983
3146e38f-efea-479d-a329-8a3a2d2dbfba,,EHQ29,BS7982
9c7e4572-7be0-43b5-9eaf-ca3c82fb5914,,EHQ30,BS7980
0a3b8f42-5eb9-4ae6-ba77-f82709eba6c0,,EHQ30,BS7981
e85748f0-7236-41b0-a9ee-589e57820a54,,EHQ33,BS7816
bc7ba5dc-5009-4a9a-ba35-71e2924b41af,,EHQ43,BS5630
308831b7-1ca1-4471-8e41-be25fa6d0271,,EHQ50,BS7828
bca0893f-fb94-4dd2-ab42-ab250788c7ba,,EHQ60,BS5635
06e4ae6d-3e33-4ac5-8474-727859230995,,EHQ60,BS5634
30c7ca0b-e0d0-4750-b104-c86f99460e54,,EHQ61,BS5633
bb67fb8b-f759-4f2a-92be-cacf06b19d32,,EHQ64,BS7986
6abfc2bb-6ec5-4162-8ea3-2f9dc2b248b3,,EHQ64,BS7987
c9250b16-8194-4b42-95ec-4f4787c91097,,EHQ65,BS7984
e3b438f7-4671-49b8-a0e8-8afb97e8f9c9,,EHQ68,BS5654
0e799b11-5a57-4e0c-a512-9bfeda2ed2b7,,EHQ69,BS5653
7e3b244f-a468-4b15-b685-85fe3c0333ad,,EHQ71,BS7807
f42c254c-527a-43f8-9147-80733fe7c064,,EHQ72,BS7806
f201a7b9-dd1b-4d51-aae2-ac8aca64ad6f,,EHQ75,CN1911
59788219-4e9d-4590-a68e-f392fbee2232,,EHF67,BS5611
09802072-502e-442e-b00d-d8c5e2cae1d0,,EHF68,BS8758
6647ba2e-e03f-4b19-a741-b251dd3305e7,,EHF69,BS9942
d38c4ece-cd1f-434c-affd-ad7c5d2e4ac4,,EHF69,BS9939
3eb5cd4f-32be-4e72-8898-af580e2acb52,,EHF70,BS9969
8389e567-107b-44a8-b941-9c5daf6608d3,,EHF70,BS9968
046606e1-fad4-4e43-9454-af2f9e7c27f4,,EHF79,BS8816
25917a9a-a963-48f8-a0bc-6bc9e7b812c8,,EHF79,BS8817
99a38d7c-d47f-42c9-8386-f5a2238e4460,,EHF81,BS8815
06b77409-f4ba-4a99-968f-3eca3d8d22b6,,EHF81,BS8814
ab2e8bbc-b696-4970-957e-e2b519348217,,EHF91,CN0287
b4799392-aa7d-4c7d-9901-01c0303d092d,,EHF91,BS7942
cadc3497-c9b4-4ce2-a1f3-45a351b1e63c,,EHF91,BS7945
45c167cc-4d9e-4c60-a5d9-7261baf38793,,EHH20,CN2173
9e5d4fa7-893b-4edf-baf3-72e9754a9d15,,EHJ20,BS8883
fe47dbee-ca99-431b-ac94-9981c790c048,,EHJ26,CN0704
3e87fcb7-4dce-43a5-b756-1f2ea5854d6d,,EHJ20,BS8884
abca3123-16e4-4626-854a-c214f9c4e73a,,EHJ22,CN0503
5e58a3e4-3899-4297-93e3-7c9513e63c23,,EHJ22,CN0497
230e8154-aebf-4866-bc32-a4e7990dfcf4,,EHJ22,CN0493
2868f851-722d-40e2-a924-31912d0074e1,,EHJ23,BS8765
d21444e0-13df-4205-bad5-1b7cc4602849,,EHJ25,BS8759
685c3cc1-a96a-405b-a8b4-83e124cad4a4,,EHJ26,CN0705
14f0b574-3cc5-4fcf-8bb3-de36a767e4f7,,EHJ26,CM8845
be601cb3-e056-4963-8d95-f58ac7b68222,,EHJ26,BS8975
438146e8-4047-4473-aaac-d645a4575720,,EHJ26,BS8978
7adb677f-25d4-40ea-a21f-b36bf0d1575f,,EHJ26,BS8972
0395af85-dbd9-4129-8309-82a35bed2cbc,,EHJ26,BS8981
eefa2789-f7b5-4af7-9165-1e027e263696,,EHJ27,BS8974
ccef2390-48a8-4dd9-b057-c225e668f8ad,,EHJ27,CN1710
33c17e98-35ff-4cfe-b99e-fdb98677ae63,,EHJ27,CM8847
fe43c304-c625-405a-83b0-b5feb780ac52,,EHJ27,BS8983
78722b1a-4243-420f-919c-1b4c9b5935d9,,EHJ27,BS8980
dd49282a-8ee0-49ac-9c4c-e717cd3cb928,,EHJ27,BS8977
90dcd38a-5db7-4b76-9731-e9d94d34e0c5,,EHJ28,BS8973
5c948f05-0d19-41ef-ad2a-043dc6ef5e0e,,EHJ28,BS8976
2f2130c2-680a-490a-a2d5-b897c61d96d2,,EHJ28,BS8979
e6f802b1-6cad-46a3-8f38-0783c40c4454,,EHJ28,BS8982
f5f39aff-0537-4436-afaa-6863cf137dc5,,EHJ28,CM8846
28bca419-0baa-4301-a86f-056fc69a7dfa,,EHJ28,CN0706
3b788569-3752-41c2-b9f0-0dc93efad174,,EHJ28,CN0707
7236753a-d6f9-4520-bb88-c037d280ddfa,,EHJ92,BS8754
b454f94d-2df7-43dd-b736-33cbc8e487c1,,EHK22,CM9649
f5007975-33b7-4e0d-b6bf-3ab508550bca,,EHK22,CM9652
d498f38d-23bf-43ff-9961-a23a766d0be4,,EHK22,CN3776
66e7f1b7-2889-4702-9e93-32bf3dd7ff0b,,EHK34,CN3363
3c943bc8-505b-4752-8e75-e258432c7d55,,EHK34,CN3362
667b6433-56f9-456b-b2c7-c37054d86fb9,,EHK34,CN3364
eb565a82-4903-4854-8b4b-3fd9969008b5,,EHL97,CN0504
bbc41c63-72ec-4353-aacf-dcf9ecfed9c2,,FZL21,CN2377
41793ea5-a909-4590-8c79-a425ba997833,,EHL97,CN0495
447d3a2a-a133-4996-b562-d0449c8f878e,,EHL97,CN0498
3e8bf3cb-4aa9-48c2-819c-4d2605649f6e,,EHL98,BS8454
fe2c14eb-23ee-458a-bdee-0d7b5ceaf1b8,,EHL98,BS8449
87fdbe53-2964-4fa6-ac8d-908c28474dbb,,EHL99,BS8446
7908bd10-ad2b-481f-a620-da783e9b070d,,EHL99,BS8453
57bcace2-42a9-4f37-a0fe-56fb64d88a0d,,AWP57,BS9644
03743128-6db7-4457-b0ab-0a851c5e8717,,EHL99,BS8452
cf224c9c-4d09-43cb-87b3-76b324635ff1,,EHL99,BS8450
b7c3c0c4-56fc-41a0-bd89-136faca59d3f,,EHM00,BS8456
f6a2620f-4ab1-41b5-a3ac-898a85962299,,EHM00,BS8643
c790fe49-8463-4b83-aad9-34b76ca33032,,EHM89,BS7072
cd2bd224-2dc2-45b0-b583-17368870e74f,,EHM89,BS7073
9d690367-ea18-4d05-8ec6-5f17d2c52e6c,,FZL21,CN2379
974c33d7-be28-4ef5-8acc-da6a7fe6cb03,,EHN07,BS6696
9a909b20-641a-4cdd-80df-515836adab51,,EHN07,BS6698
d4be5d78-18ab-482d-ab80-057082e371a5,,EHN11,BS6703
f7d49597-3af4-4dc7-b6f9-1cc515167a5d,,EHN11,BS6702
6e62f98a-e319-451f-8e4e-1385d1928f3d,,EHN13,BS6316
1a254122-b991-446f-92bf-df9742a53c73,,EHN13,BS6319
398ad59e-603e-485b-8902-7907a25577df,,EHN36,BS8505
1c935787-8ea5-4a88-8cfb-a4dbb9612d97,,EHN36,BS8504
c8a0fc78-0812-4e5f-a30d-4af038d12b26,,EHN36,BS8501
a8cd0991-54c9-415e-bcb5-bca7c0ec6f7a,,EHN43,BS7553
bdefd8b5-9ecb-4b99-82c9-fd76a2db8000,,EHN43,BS7557
2d439f54-99d0-42fa-afa1-fa033236a9d0,,EHN43,BS7569
8ada3ae0-1bd7-43fc-9db2-eca8d22e62ea,,EHN46,BS6472
c7206eb1-44ee-45d5-8cdf-37b98fafa7ed,,EHN46,BS6478
a1e38a52-19cb-4b3c-9094-325e12295432,,EHN52,BS6882
a3d3f54c-c668-45d1-ac68-ed3b00dd83b3,,EHQ39,BS9342
cda81c90-a744-4334-b20f-c3e092bf8656,,EHQ39,BS9341
5a27f441-5a45-4825-97b2-0cec9d13610a,,EHQ77,BS9614
eea85d85-06ed-4148-a609-53efe9c18a12,,EHQ77,BS9615
bff6c7cd-a2c1-417f-9bfd-da93c5e941c9,,EHR03,CN0571
6e443897-1d71-42b1-831f-006f3084c668,,EHS60,CN0686
feeba2af-81a2-4900-bdc4-6cb5dc84b8a8,,EHS60,BS8476
3db4aa86-6209-48e7-b672-4248b4e6b6b2,,EHS61,CN0684
54b578ba-2511-4f4c-8c76-46b9ba0aac1b,,EHS61,BS8475
e8707c46-9292-4efa-a335-fe16cb2a1e89,,EHS62,BS8474
dc0161e8-8cdd-4967-b231-c2abf923c3f9,,FZK51,BD1402
e7e516a0-3340-459b-be56-8654d89937f1,,FZK52,BD1397
cee65f7d-3296-4dcd-860e-acf3e3beb865,,FZN18,CN4080
7c376500-fe05-4098-9180-bd524e173c48,,FZN18,CN4081
53c54dc3-8e41-41f7-9307-81250f0ab589,,FZP82,BS9277
6821e661-ebf5-4022-a54d-a11bd5637608,,FZP82,BS9278
59893997-3a1f-4523-9236-f8c98db53753,,FZR94,BS9302
de95d1e4-a31b-4a6c-83db-26cb002420a3,,FZR94,BS9303
b86ab18e-11aa-4d5f-94ee-ac19c244e9b6,,EHS94,BS8566
5c9f700d-f508-44a3-b470-9b47e0ddc2cc,,EHS94,BS8568
3284d59f-4dd8-418f-b71e-1cace2d2af6a,,EHS94,BS8569
905ab2d0-fe92-4739-9c68-5ad507cb1bfc,,EHS94,BS8567
e808ce5c-9c32-4c37-aec4-0af099013916,,EHW88,BS8517
6d1de688-92c6-4215-b88d-7f700602b279,,EHW88,BS8518
ce77bd8c-c3c9-447e-91cd-36d35ca5592b,,EHW88,BS8519
b94d632c-b589-40c7-95c3-7acd0c6a6a5f,,EHX39,BS7210
ae5b776a-98a5-4135-84fc-3a268badd28b,,EHX39,BS8152
70b39d25-6b0f-432f-969b-ae846fa1374a,,EHX39,BS8185
d6f02d7d-f720-457c-b333-bd4d7ecb423f,,EHX39,BS8545
287417ee-7e8d-4c6a-996f-fd7297126091,,EHX39,BS9867
51bd85e3-0681-41a5-adc2-77ec80da8ef5,,EHX42,BS7209
3a0abd61-df82-4dc8-8902-785619d767ba,,EHX42,BS8128
f69f8b1d-55c5-459a-91e0-eaab7cff9738,,EHX42,BS8131
ec08a447-7692-43c4-90d6-3812544565bc,,EHX42,BS9866
82c371b8-353e-4f8a-b762-132df07646d3,,FZO52,BS7189
7f2911b6-e18d-440b-a260-5620ea9f2d36,,FZO52,BS7187
2208b215-e1e8-4373-afb0-e069825c5add,,FZO52,BS7188
8cc2b9dd-60de-431b-8221-aa0d9d737eb8,,FZO54,BS9208
b29a678e-cb0b-4770-8651-e66ddbf14ed5,,FZO54,BS9206
11c995eb-dd5d-4651-8fac-cd67f353649e,,FZO54,BS9207
e3760b2d-a89e-4e87-91a7-3ec84613be31,,FZP27,BS9295
e62fae1f-7b85-496f-b494-3e0e4e65f357,,FZP27,BS9297
b96b69ef-ea0c-4f9a-b926-ceb727151c26,,FZP27,BS9296
55fd84d7-75a2-420e-9694-4ab48062c031,,FZS65,BS5557
e865d03b-6a64-4493-af0b-65b32d736d90,,FZS65,BS5559
e06146df-b051-4c80-b19b-c491bd472c33,,FZS65,BS5558
98f26525-702c-48b1-ab27-5e495b13deba,,FZS65,BS8405
21e9ad2c-88e8-4b9b-b594-0b290ef47674,,FZS68,BS5553
6835026e-1cb8-4dea-bfce-e0684d2aa00e,,FZS68,BS5552
fcb07a70-f5c0-4fce-8038-65ce4cdb1379,,FZS68,BS5554
adeea2db-dae5-442f-b7f0-f49cbe5c9c09,,FZS68,BS8459
dbfba846-bb56-4d3a-9782-e958eccad1d9,,EHW03,CN2382
aa8ce1a3-1685-4229-acf4-7f81d56d80bc,,EHU48,CN2161
f2d3e9ba-5138-442d-99d5-5133d668d4ea,,EHU48,CN2160
4f17f44a-21f2-4bb3-b401-4dd11a99c19c,,EHS82,BS6742
580ac9ed-b811-47c9-8b94-d77712fba1c6,,EHU64,CN4069
8da0cc8a-c315-43d1-bbd4-9a40d08a583b,,EHU64,CN4070
4cfb307d-0262-4de6-9867-dfb84682250c,,EHV93,BD5856
67c5d39c-a9f9-4f65-88c5-606d0ffd32e1,,EHW03,CN2380
c6060bd8-fa47-406a-94ef-35c7d4cbdd9d,,EHW03,CN2381
902befe4-9831-4c7d-a646-ffc7dfc6dd24,,EHX01,CN2388
4dcf922e-1b2f-4766-a6a9-56dc090820a6,,EHX01,CN2387
9cf5da7e-c751-443e-aae7-26507adbc89b,,EHX01,CN2386
3105da47-34ea-4941-9ead-53590e011433,,EHX65,CN2384
452134f0-40f8-40c6-9397-45a25c1a8a6e,,EHX65,CN2385
494aba73-1d5e-4421-abd7-e8b5cc0d01e1,,EHX65,CN2383
3eae79fd-b28f-4af4-8b5b-e36ff0a69976,,FZM38,BS9215
1f008835-66bb-4d6f-9a83-e654d4bf2fed,,FZM38,BS9214
94d3e509-21a7-4085-94f4-74dc9fd3a054,,FZM38,BS9213
78064fac-51c6-417a-ab7e-c69f44659455,,FZS81,CN0206
f5fa7726-e421-451f-990f-a8f251d74fd0,,FZS81,CN0205
5e7817e7-264b-4a47-951e-56e5352862a0,,FZS82,CN0480
a7f74988-d6dd-491d-9e90-708bccde1e8a,,FZS82,CN0482
7f09b4d7-b661-4e70-befc-f9dee803a4c9,,FZS82,CN0481
302f9c7f-f37b-4067-9c0a-8b7729eee56d,,FZS83,BS9195
8a1942b0-d39e-410e-bbcf-0ccceea6aaab,,FZS83,BS9196
36d69ff0-5084-4200-aeac-ebc41f92d6cc,,FZS83,BS9197
e63cb6bd-f445-42e6-8d00-57d7828c363b,,FZS84,BS9306
f2ebacc0-117d-49fb-a9e4-0d790d464784,,FZS84,BS9307
80e315bb-fa79-4eb0-88b1-ecad2f96c7a2,,FZS85,BS9310
27c46f42-6d3e-4365-bc10-d05e9448fb55,,FZS85,BS9311
4033aeec-0ba6-4620-bd10-9d931b30d5e1,,FZS86,BS9200
8aaf1d8f-2949-4370-b447-d70d736b80cf,,FZS86,BS9198
b0f94aac-b55f-41d8-85fe-7163f4ecd8fe,,FZS86,BS9199
727b56b9-ac5e-43fb-bcb1-f6b22bcd7754,,EHV21,BS8523
9faeec38-2d71-406b-b67f-7b7395eb7412,,EHV21,BS8524
2b6c37e9-fa0e-4362-82b1-92ee75c72191,,EHV26,BS8525
a0b0f487-5da3-4fdb-91aa-42e1f10c14d5,,EHV26,BS8526
ed1b49ac-658f-4650-90f1-c15a5c8554dd,,EHV38,CN2734
45154156-5d93-4f61-9138-03b64f357e93,,EHV38,CN2733
7c093054-ca81-4f85-9f87-5af06e292783,,EHY30,CN2093
908053b7-7641-443d-b883-588e6df3f88d,,EHY30,CN2095
eef0922e-4a16-4090-93c9-dd71e2534fe6,,EHY30,CN2094
a56a6d2d-ed21-4077-847b-0336671a57c5,,FZL72,CN0229
2253ee76-e15a-480f-adf1-81154bff5ee7,,FZL72,CN0228
a3ab50bc-9fd7-42c4-aa76-7427c64e403d,,FZL73,CN0230
cf151ae4-765d-402a-ba82-57420e3cfa38,,FZL73,CN0231
02963ff0-7740-4e90-a958-a543d9138e3b,,FZP70,CN0079
23e47f5a-2efa-43a1-9340-c15ac9abf992,,FZR31,BS9702
cbc12248-85ab-46f1-89f0-9cc9ddfad4d9,,FZR31,CN0479
46b3ea66-91c8-4678-8b98-28675e2e6cea,,FZR31,CN0478
b20c2e98-1768-4f97-ba0b-dadf2c9fe440,,FZT88,BS9682
40e2f7b1-8452-4c26-a468-447e9e55b250,,FZT88,CN1955
db9abe53-6ee9-4b7b-9c66-511b4f9fbede,,FZT88,CN1954
68f5b7a0-7047-4a0f-b04d-1d42befe2e78,,FZT88,CN2104
b28cd405-44b5-4366-8919-434e4677e76e,,FZT89,BS9673
b29a26a6-795a-435b-a93b-ab2654789cb4,,FZT89,BS9672
1d6d02e7-caf0-4cff-8172-0884580eedbf,,FZT89,CN0472
9a94928d-5200-4ae8-b5ea-8c76d6076f9c,,FZT89,CN1913
ee5762ac-788a-4fdb-b445-dc054f8b41a9,,FZT90,BS9695
74a7d3db-f671-46a3-ba4e-d0c70e0cec9d,,FZT90,BS9692
224e0c59-ecb7-421c-bcd3-cf47d2a9a93c,,FZP62,BS7672
243a2164-c5a5-4f63-a8fb-5a7aebe562e8,,FZQ90,BS7671
09dcacad-741b-40c8-bcbc-01bdf2349937,,EHX30,BS9230
65bef229-05e6-4c5d-bb7d-50a7054ae9da,,EHX30,BS9231
efe7097e-69fb-4010-af5f-0736bee00a35,,FZP98,BS9227
d7233404-5dc1-4565-b89a-0c19f565fcad,,FZP98,BS9226
45003dde-f7b8-4693-9261-f7a40da4edde,,FZQ14,BS9229
01da8f3b-0579-453b-8134-27624dfde982,,FZQ14,BS9228
a793885f-10de-45aa-8af4-1ac74de8c796,,FZQ15,BS9225
93720f96-22b5-42fb-bac8-e130ae19052f,,FZQ15,BS9224
de108b8c-8a04-4a43-b0c6-2f05c0c2f1df,,EHU46,BD5594
ec5dbf96-6102-40e8-a997-d091979d4d6e,,FZI52,CN0862
30098cec-8948-453f-8212-c15eec226385,,FZI52,CN0860
5133e513-902e-4157-a845-151154190a2a,,EHY41,CN0271
32f686b6-714d-420a-a6cc-c1912cb8877b,,FZP28,CN0399
59461b03-4577-4db4-91b5-8bd35face82b,,FZP28,CN0406
322b713c-04ee-49bb-8ee9-5c46a0658e2a,,EHW27,BD5722
4d5d17b8-c8d9-45ee-8b46-8148900eb65d,,EHW27,BS7812
878a5c28-323f-48ba-ace2-2ea165ed6d4f,,EHW27,BS7813
ca2bba04-cbde-4021-b566-321f1b6b7386,,EHX84,BD6028
6af28177-1fe1-4caa-87e6-ace4a12b0aaa,,EHX84,BS7821
fdc1ea3a-ccf1-4ebf-8967-f7b891a18d96,,EHY38,CN2391
d89803c2-a644-4f94-a657-46ef036dfcd2,,EHY38,CN2390
0eab5470-3129-4481-8cdb-2314406a78bb,,FZR30,BS9770
24069729-cda0-4c44-90ed-8f1f238d4873,,FZR30,CN1949
a18b7c70-9a56-4482-b8e6-c576f7727203,,FZR30,CN1950
32bdfb2e-f847-4229-b0cb-720bdf3596e6,,OA456,V44961
8556c646-b053-451e-a971-1902e66cacc3,,AVJ47,BS8190
a860188f-886c-4efb-b4c6-27c15da2b3b3,,AVJ47,BS8193
0e2dc279-6c71-42e2-945e-401fd8fb9fdd,,AVJ47,BS8192
b8540cf5-0537-4e4c-ac98-e231ed14d015,,AVJ47,BS8191
2f8de4e9-2caa-4aeb-8260-9f830e805f71,,AWD89,BD5404
dc168bd0-7c4b-4d48-b7e6-6b2b2d93f30c,,AWI95,BS6252
1d977000-e2ec-4916-8fd9-0b827477522d,,AWI95,BS6250
49f2c719-445a-4293-84e6-497d695612c5,,AWI95,BS6254
3ee82c9f-b6b1-43ba-acad-a9beb2f45dab,,AWF00,BS7876
6e69c889-1bac-4d4c-9ffb-7f662efb036d,,AWF00,BS9886
bc982b9a-7a46-41e3-a747-ba44eaf18f2a,,AWF08,BS6017
88398180-198f-46d0-b76d-7a670415dce2,,AWF08,BS6018
5be7c71e-e806-4700-9950-0572ef527908,,AWF08,BS6020
c625e72c-f79d-41e4-9f63-efc00d41c5e2,,AWF08,CN0274
0479bda2-ded0-4764-8cee-4938a2e558bc,,AWF08,CN0272
ecd25524-fdac-4242-88df-af0705434562,,AWF08,CN0273
dca42931-5428-4109-90aa-d0cd7965f11b,,AWF09,BD6046
9042627e-8e2f-4a6f-865b-f0885e4a03f9,,AWF09,BD6045
746cc96f-0f91-4f63-bc25-e4d7626567af,,AWF09,BD6044
2a0f34cd-208d-41b2-ab27-8d0a8c1eba62,,AWF09,BS7866
451665b2-ce99-4574-a765-6c0c5df36963,,AWF10,BS6718
b5ecee8f-f04c-4f8b-bede-222102541848,,AWF10,BS6715
81fb9bca-82dc-4cb8-992e-8f1641b84168,,AWF10,BS6714
5cb7beea-800d-4e72-bf6d-442c0c36b5a9,,AWF10,CM9676
72f80df8-42f9-41d6-b2f4-8177a5d528ac,,AWF10,CM9677
2ad32143-7dbc-4059-8fc1-65763254db3f,,AWF12,BS6418
0c422446-31d4-41cb-9f51-a30d747a8371,,AWF12,BS6420
f4eef9cb-4c35-4cca-9711-783f5cef52d2,,AWF12,BS6421
1ab2022f-1436-4f28-8fa7-c1fa2e84f127,,AWF12,BS6419
3be9748b-760b-4a66-8c69-9e4bcf3dceeb,,AWF13,BS6425
5949e413-a181-4d2b-aad7-608692a31311,,AWF13,BS6424
8e667357-40a7-41c6-a9df-5db505fffe2b,,AWF19,BS6414
5a1604bc-a48d-4ade-ad84-7cc1faefbd8e,,AWF19,BS6415
775f5c4e-1955-474b-974e-283e3fffd589,,AWF19,BS6416
f2df87de-b33f-4f3d-a1b1-e139824e930f,,AWF19,BS6417
b999f696-00e4-494b-be6c-3ebb32fbee2b,,FF121,J92633
4233da78-071f-4bf8-8fb6-083ac2bd01d9,,FF121,J92632
c5f7128c-c485-4864-8c76-fc78558ca4eb,,FF121,CN0182
b8f50147-a43e-4898-9cdc-281719ebefe1,,FF121,CN0183
9ad0ce5a-3c0d-49d9-aaf9-c7e3c1cf513d,,FF125,2431
c1a6ade8-8ed0-4015-b39e-ca88bd105656,,FF125,2240
4190eba0-43e9-4825-80de-bbe646f163fd,,MU313,2760
8dba68d6-f151-41be-973c-6b99c1c97aec,,MU313,2759
459b4fb4-e6ed-40ca-893e-57afa0fd47b0,,MT927,3478
2560e990-c6e6-420b-8fb3-fe40eb07f716,,MT927,3477
61e6852b-d92f-47ea-ad68-224ee8aa0f7d,,MU536,7344
9af43aaf-e59d-4033-9a36-6f3e2f425824,,MU536,J95361
b0733109-b2fa-4236-a631-ccab594f3707,,MU536,J95362
24728903-5787-44c3-9184-127d9c994350,,MU536,1475
10066691-1efd-45bd-8ca3-dd3cc258dd07,,MU536,BD1601
329b73e2-caa8-4343-8d56-50ae85bf5315,,MU536,BD3674
c0acf5e5-87af-4667-ba1c-08dc4f1155d4,,MU536,BD3675
6c8ed069-d176-487c-a009-64cf4c14ef06,,MU536,V68704
50b7da3d-bf4d-47dd-8fd2-12ec53bb2eaf,,AWP57,BS9645
40968707-d861-4c45-a905-b8cc8dbeb8ca,,MU536,BS8458
141c4a3a-30b8-474f-9ab3-d98fc928939f,,MU536,BS8457
20c4ff74-578f-4782-bd73-39bd16d7fea4,,MU536,CM8709
3c34e635-8bed-494f-90c6-3fcb8c13a9da,,MU536,CM8710
b4b7e104-9ed7-4e60-9711-edb3ff6c871a,,MU536,CM8706
aaef1cd4-b9ca-4242-a5ab-2d4e9651a771,,MU536,CM8708
3ed387c9-25c9-467b-b1fa-7862e169c96d,,MU536,CN1827
eb543602-ec18-432b-a6e6-236619980480,,MU536,CN1828
8d173c3b-43dd-4e43-ad23-8730f2adc53e,,MT491,BD4902
8138cb85-1b60-4536-96b9-410ea08a212d,,MT491,BD4903
5d068dd4-9f7c-4211-989c-d7cdc00dcb03,,MT491,6604
a306b357-eb63-4791-9383-0fb907c39ace,,MT491,6390
8072efbf-6363-4121-87d6-576a36d20caf,,MT491,39749
178a32ef-b016-4255-856a-1cd1483d87b8,,FF148,6394
d675ce97-45f5-4604-9e16-29d06f3df6af,,MT491,36088
d6734d7e-8647-405e-8268-92fc1792c572,,MT491,BD5993
62225184-7c71-4230-b86b-d1a3e8e39b73,,MT491,CN0084
4c3d1a9e-7340-4ab0-8122-d4f64b84a6a6,,MT491,CN0944
f10a855c-e63e-4898-ad1d-0d5bc70a7a5a,,MT491,CN0943
382c6d80-b0a3-4180-8e5a-3670a64d980e,,FF148,39750
2fb234e1-6dbb-46c3-ada9-1f391a72b8a8,,OC079,2267
d50757b6-855a-46a3-9693-2f75aa27b0da,,FF148,6606
08ef3991-a27d-4ad4-bb49-1646fe40b233,,FF148,BD5718
6484a8e4-b118-4ba5-9c79-47935172d10a,,FF148,BD5717
a63e9520-fd34-47ca-84ca-d192a2edee9c,,FF148,BD5771
92dd95b9-6b70-4e6d-9e79-b4a38feedfb2,,FF148,BD5772
1addbe05-20f2-44bb-bceb-120aee2a2bdf,,FF148,BD5773
7625f27e-93fa-497f-ba65-3ad80c0d28ed,,FF148,BS7759
e3ba263c-a2d9-4198-87ec-82d3e74c14e0,,FF148,BS7758
ee4c5075-2236-46ee-b414-3cf368d65275,,FF148,BS8357
f6749b97-938c-4e9c-88ed-46e061637b75,,OC079,49800
70d3b88e-6945-4903-8284-e42567d41bb1,,OC079,49799
80ffcd13-0b8c-4a31-9b59-d18a751f8516,,OC079,49798
d62d934f-faae-455b-a2d6-6566a4b3b08b,,OC079,49797
b819f686-cff4-424f-9f79-8dc830d13dfa,,OC079,28412
54eb6f45-dc2c-4340-92c4-a5937e338dee,,OC079,2214
8dc603e9-1971-42c1-88df-0953f2451429,,OC079,116
d48f2657-c64f-434d-b198-eb9177fd1987,,OC079,101
b1ea6220-bd35-41c8-bc84-c3e4abf71e26,,OC078,49801
383397c1-c234-422c-8d38-4df2dab23547,,OC078,49802
aba274af-a296-465e-8574-41c143c9b48b,,OC078,49803
f2d246cb-13c3-4450-8728-5c512f5ecbab,,OC078,49804
c3659810-9c3f-4cb5-8d02-1225a14e0540,,OC078,5324
77370461-5931-4008-ab74-3c5bcfcb7f04,,OC078,3912
eed43601-05a9-46d1-b8b7-cb259965e69c,,OC078,28413
c6097426-0755-4a4a-8ed2-56e45122f1a5,,OC078,835
f9845df6-ecc4-4d3f-9cc9-6842b0bb1647,,OC078,2232
a27eb542-65ab-4bf5-8af8-ee4501306101,,MW498,AR3168
3422f288-b0cf-4327-9394-da0580965fa5,,MW498,AR3169
1bc96bc4-323e-44cf-92ee-1239dd279d9b,,EF285,V58597
cec3f76c-e14f-4202-840f-735a0350b435,,EG541,J90117
f4f2285c-442d-431c-a6a7-f64389b55999,,EG541,J90119
b163e767-e071-4898-b715-d9c7b679d3ea,,EI106,V44397
207f64a9-77f6-4b06-9c31-1ebf04db89f0,,EI106,V44400
df17064a-004e-4aa4-8f22-ff64d01d7c09,,NP191,V45249
a3571cf5-3e53-4d70-853b-6221394587b9,,NP191,V45248
31038ccc-593f-410f-9b76-b81f30e9e0ec,,NP200,V45255
2d04f9a3-eac9-4e2e-b399-45ef3957bbe3,,NR445,BD4592
c32b2685-3f4f-4428-9320-f93169c3c560,,NR445,BD4594
db933409-d760-4eed-87fb-ae0bc2650ec3,,NR579,V48522
9559a412-b7c7-4b19-9662-8cbe9fa64f04,,NR579,V48520
bc58d8bf-e81b-4cba-9645-87dbacae1235,,NT097,AQ9167
0976443e-8cdd-47f8-ad50-d8bbe24d4527,,NT097,BS6803
0b170929-4a9c-4eda-9e51-7a0ccf66005d,,NT097,BS6804
ab7ea276-48f5-4427-abd6-0d314028a471,,NT101,BS6352
89faa950-1158-47f3-89d4-b885e3152547,,NT101,BS6353
8e812cea-c340-417e-a5a2-f5d6aaba81e2,,NT101,BS9677
b04951ce-0897-438a-be2b-7922e52755c8,,NT101,BS9678
56cb7b9b-f374-4834-8b43-e7b07d58bd77,,NT101,BS9679
4d854658-9339-40b6-8119-4461ddfe44a9,,NT512,V55619
629e8142-ba31-4c7f-8413-5a637aff054a,,NU494,M43399
60fd2183-a3e7-483f-b9cb-6c0efbbec4c9,,JLL49,V67158
9b859c26-d282-411a-aa65-4bcd74ddef85,,JLL49,V68764
b25bb3a4-a2f8-441b-81aa-65c7ddd56cd3,,JLL49,BS6130
49419197-a078-478a-9007-9d8626eed9e5,,JLL96,M48344
731aa001-f765-4a9f-9f06-7ee9c546546a,,JLL97,M48346
cb7fbf58-e485-4946-a80b-617e8d28ce55,,JMI62,AR1310
efc21a33-e262-4eb5-a2ef-cc89a385bbea,,JMI62,V63478
6c394434-1fb4-4410-88ce-2dca928f36cf,,JMI62,V63340
68ad5227-5149-4ccd-b892-0dcb179fb11b,,JMI62,V67512
b18da14a-b29f-4d2a-ab33-8c246abc810b,,JMI62,V67513
25c16516-4b2c-4e92-a2e3-6b2cd8a8ebe1,,JMI62,V67379
bd902e26-5edb-47ce-b203-01fca37f9cfa,,JMI62,BS9011
767b28ea-5c9e-44b8-b76b-5ad6ca72ae72,,JMI62,CM9206
f3bbf6fb-c137-48a2-89b9-c3a7322768b1,,AUT55,V66939
be7048ea-3dd3-4d98-934b-ed4a2cdd6bcd,,AUT55,V66940
367beadf-c6e3-48f9-aa71-0dc13df15e62,,AUT55,BS9015
81ee374b-0f99-4b5f-aa24-fb2049c1264d,,AUT56,V66941
1cee69d1-79f0-4f5c-821c-be6cf3387354,,AUT56,V66942
c112186a-39e7-4061-b96a-de3bc4ab1a7b,,AUT56,BS9016
c4d4a1aa-1bb0-4f46-8db9-f9be7cf4d2d7,,AUT82,V67021
d7104ff6-0632-4042-bf4d-e6ab4caa7067,,AUT82,V67020
b323f036-de90-42d4-88e0-81c1de622ec5,,AUT82,AR3795
c9e8a1b5-6cdb-4d7b-ab6a-3cb554568588,,AUT82,AR3784
5fc675fb-ab6a-4748-8fcb-d0c5c71609bd,,AUT82,BD5696
9455c505-a480-46d8-986d-bf6ae3978a63,,AUT83,V67019
e3578bb9-43ec-4a0d-9e2d-c953ce989346,,AUT83,V67018
d98360a2-229c-4b98-91bd-79544d34e8ca,,AUT83,BD4188
1f7f3058-1ad8-43ec-8627-438220c8b545,,AUT83,AR3796
2c6b3ecc-4c75-47ee-a497-8d49188e6c9f,,AUT83,CN1424
30fa55c1-6754-4f8e-9acf-acebd50686bb,,AUW09,V67308
f49f07a8-1feb-4af5-9681-f5c0e710b27a,,AUW09,V67307
31a4eda8-ba66-4780-919e-21c238776989,,AUV06,V67899
c8d973f0-a769-494b-ac42-c5fa203e3ca8,,AUV06,CN0313
33739912-73f6-4364-8d68-d2bc8050262c,,AUV30,BS5272
8379ac00-7def-4bf5-9f9f-3e022df66b86,,AUV30,BS5273
2acc00d6-8620-4c3c-92c2-6472134256b5,,AUV32,BS8259
fc52e5d4-28c0-4c11-9183-828dccd80e0f,,AUV32,BS8262
e222d2e6-0aaa-41f4-9272-9b88110fcbfa,,AUV32,BS8264
fd36d1d3-b2ec-4898-a938-e4d65dd804eb,,AUV58,V68680
88e01822-7343-47a7-ad5f-1718264ac6ad,,AUW06,CM9872
426798bc-c985-4606-bf61-6c90db0cd353,,AUW06,CM9871
cf490c7d-8849-479e-8b3e-fe6b51d14b6d,,AUW18,V68685
8aefda1a-221e-492b-b7c2-ad9c4676ad18,,AUX08,CM9937
ee7eb2c6-4ddd-4cce-9dca-f85de507fd7d,,AUX13,V69711
65f461e9-2119-40c1-9c72-020aa9e7ecec,,AUX13,V69710
50d501d3-db7a-4bc6-a3ef-f00091965cb1,,AUX13,CN4039
490ca096-f1a6-435a-863d-5c3693c0d5c4,,AUX14,V69714
95b20906-0ac4-49ca-ba2e-83ee8217fa6f,,AUX14,V69715
a41b6579-229d-4f77-bedf-aa233a970114,,AUX42,V69406
8a79b2e8-4675-4095-8fe6-7a584448bd50,,AUX42,BS8243
86f64ee8-4cb4-4f22-9ec4-9f8b6ca31138,,AUX42,BS8242
b354f376-5516-4bf6-9d88-f6af32e4f103,,AUX70,BS8226
aad47480-cbaa-44fc-b083-c840a90953bb,,AUX70,BS8229
a3c77d75-92b6-45fd-ad2a-bd78cd2e025f,,AUX70,BS8228
2392e4c1-4e50-4a5d-af72-447e849f46d3,,AUX70,BS8227
22dae007-c125-4546-863e-420c663a0ca4,,AUX93,V70710
5a11ab62-aa3e-4913-9c5b-f9d5d3d1adef,,AUX93,V70711
fe6aeb5a-c24e-4e97-b1a0-ad01821fc179,,AUX93,BS7006
d7939263-28d6-47b1-9b5c-eeea18edc9c0,,AUX93,BS7007
fbf4cc7f-83ef-4f0f-9a62-a902793cd304,,AUX93,BS7008
a453a5a4-0ca0-4d26-b44c-d8c7660fcfc3,,AUX94,BS6467
08e7cd79-6113-47e0-b229-4c79b64bfa37,,AUX94,BS6466
ba681460-71b0-4bff-8b26-a7545693cb83,,AUX94,BS6462
0046d0a1-f17a-40d0-b4b7-7f13fd3c5c19,,AUX94,BS6461
e9cfa873-1a4f-4359-8f8d-76f2c870fd4a,,AUX94,BS7009
12e105e1-ed00-4a01-a5db-5f0f56ccbb8d,,AUX94,BS7010
72ed7b10-7283-4e36-94ef-1ce64dcc749c,,AUX95,V70722
69689fc4-eae6-426c-b1b2-5ee38c8383ae,,AUX95,AR2136
c56b8779-97a8-422f-9058-37a8480c4423,,AUZ31,AQ9624
35981490-82d1-4c61-b886-83179a156cb2,,AUZ31,V72062
9703e5fb-3650-4f8b-98b7-fbce722cbd8f,,AUZ31,AR1977
16d96302-d359-49ba-baf7-5ce71f56771c,,AVD32,AQ9622
cc55ff09-0009-4c5d-aeef-56b6b07b8aef,,AVD32,AQ9623
e20666c9-326f-4482-b541-a1b853ec33a4,,AVD32,BD1834
4778034c-ee8f-4f54-86b2-a66726fd5308,,AVD32,BS6394
f4121d2a-05aa-4b29-b4d1-ad06beae65db,,AVD32,BS6393
ca00dba6-9f46-4fef-8163-1706b6f270ba,,AVD32,BS6671
3a22c375-75d8-4a84-8bdc-0871c0b8beae,,AVD32,BS6672
3e96869a-5ee4-4a22-9eab-7aa1be87af75,,AVD32,BS7979
113bf732-4c04-4588-b403-f2ee7e2865b7,,AVD32,BS7978
f65ebbf5-3d62-411c-a44f-806cbeaea264,,AVD32,BS7977
4009a6fd-484f-4078-bd23-feaf27bdd38a,,AVE63,AQ9154
c2d8c213-1e21-4cf1-b132-f3252310d4de,,AVD34,AR2619
bbccbe65-6578-4bec-adf2-65cab68cee78,,AVD35,BS6395
e25003bc-0164-485e-9b74-4a7af0211c90,,AVD35,BS6396
aabdc0cd-9921-474d-a3bf-4b95611b7730,,AVD35,BS6674
33724e1e-5f8f-40e9-95fc-a5c3908390bc,,AVD35,BS6673
41831c91-906b-4242-89ea-cb52dc537d68,,AWP58,BS9646
4f3194a3-9765-41a0-b340-161739f1b15e,,AVG85,AQ9404
7d07441e-6fe4-435b-ad36-260a059d4658,,AVG85,AQ9405
093a8b9a-256e-4953-9cf2-bbf83d3ba27d,,AVL59,AR0458
96817476-89e5-4200-a78e-565e9b5781c8,,AVL59,AR0454
fc7dfc2a-3182-4152-a36f-fb6368ee4e14,,AVL59,AR0457
79b22b3e-5275-4494-8dd6-15c735522520,,AVL59,AR0456
9aa58761-3f23-4582-8c09-0171072e09aa,,AVL59,AR0455
cb90d127-27a8-4e54-9cf4-17fbad8e1e1e,,AVL59,AR0459
8a3066ba-974b-4e53-b5da-8f5f52549e0c,,AVL59,CN0275
4b25682d-f395-49fe-8d46-7fb26b2b0b71,,AVM21,CN0887
c3d300cc-1f6a-47f3-9330-412eeb40441b,,AVM21,CN0888
b11b8043-d6b0-46d4-9d21-d2d0a456b644,,AVM83,AR1216
518ad21a-88f3-4ef1-94da-a23b7a5f24f8,,AVM83,CN0452
9dc05541-c8aa-4678-aa03-25b8cad0f597,,AVM83,CN1423
a8a14246-d85a-4b91-b395-cf0cfc157397,,AVM83,CN2266
65eae9ad-a92d-4105-be0f-9e05dc7cf490,,AVM83,CN2268
64bd0262-95c4-4742-a2a9-cce9bdf75284,,AVO57,AR2138
53965fc3-4174-481a-9293-18d0ca23f38e,,AVP29,CN2559
d8f2670b-ec84-427c-b407-9c4fd7be5a32,,AVS50,AR3743
36b5c0b6-7022-4215-a41b-f8b4e7528a78,,AVS51,AR3752
33efe126-4af4-4f34-a151-ed8e45e73015,,AVT15,CN1985
6b940c37-1869-44db-8bfa-719248bf9ed7,,AVT15,CN3604
84bd64cb-e205-42b7-8294-3b45f4a238ac,,AVT46,BD1903
fa74f8e9-2ba9-4b18-b456-0da6f3eee107,,AVU51,BS6447
b41709b4-92bc-482c-bf12-05d4797ff9b1,,AVU51,BS6446
93e6056d-3526-4722-a454-3f6254e7749e,,AVU51,BS6568
db97196b-6458-463b-a0c3-b64316e5fa6a,,AVU51,BS7024
06416ec8-e36b-46ee-83c1-614c55b4cf5b,,AVU51,BS7025
67388082-58cb-45d4-ae34-8b570db5a589,,AVU52,BS6456
ba512da5-27b0-4270-9799-3bb00986aa76,,AVU52,BS6450
e3879f6e-e3d6-4f42-aed0-672044ddac5d,,AVU52,BS6449
1ca1c9bb-8863-4446-95cc-542463bd7004,,AWP58,BS9647
51fbcdcb-3a11-42c7-a260-2a6d5f417777,,AVU52,BS6448
91339ff7-cf6b-435d-9e59-5779c54cf4a5,,AVU52,CN2086
808622de-3640-4f30-9efc-03d1d522e730,,AVU52,CN2087
bee03104-121a-48c8-aaef-84b8ddd203b2,,AVV01,BD1641
0ad0d5b7-65da-41d2-8777-21d1dcb45a89,,AVV08,BD4959
168219f5-d671-4a07-8cf8-2851a4eea103,,AVV09,BD4747
4fcc93f9-8811-4e2d-adbd-a4ed79dd8f43,,AVV21,BD2154
f5311a9f-5474-406f-920d-3e4c34277ff8,,AVV21,BD2155
272937c6-a2a8-4f9e-b4d6-a9dbd24d8503,,AVV23,BS6249
835bb6c7-a6f2-4808-9781-c7b951bcb0cd,,AVV23,BS6247
a7661aa8-260b-4964-81b9-46c2cbd0450c,,AVV30,BD2018
596c6337-b534-4942-a41b-22414a4b0303,,AVV30,BD2020
cb4c8473-9978-4a89-9dc3-d29383c6b14d,,AWK95,CM9163
2dbbf5b0-4727-438c-b78e-07ef58937731,,AVV30,BD2021
1a24dfd6-0b52-4b67-ab87-64990ac51331,,AVV30,BD5999
d856564b-6bc4-4190-be7b-00d5206ed793,,AVV30,BD6001
f26e55b5-0e66-42d2-a55a-66028a11648d,,AVV30,BD6000
3e008bab-abf7-403e-a95c-27cbefc6d269,,AVV30,BD5998
455e6be7-9e92-418d-a014-41199124620d,,AVV30,CN0242
cd44f08f-3507-46b4-b3c7-3b341ec05083,,AWP19,BS9217
bb6cedad-71c8-46d5-ae2e-750c443fafb5,,AVV30,CN1132
ec68dd61-9dbf-4bb8-a632-e1e9696b18d5,,AVW46,BD2771
7033bc67-ca91-438c-93d5-2582cfdae0ce,,AVW46,BD2773
310b7d87-7ade-407b-8f62-a90616f540b8,,AVW46,CN0591
cfe0a279-5dc9-47f3-97a7-63ebbd485ebd,,AVW46,CN0593
a35c4a68-3d22-48b2-9fb0-d17d8fedcd13,,AVW92,BS6206
88040f6b-e317-4334-bd00-f7218fffea10,,AVW92,BS6205
6be42ebe-76c9-4b5c-a511-635863d7521d,,AVX09,BS7914
fbfad2dd-4008-4583-9f95-f989606fa6e7,,AVX20,BD2854
2436f37b-2ca7-429b-8b09-3e73390a52bf,,AVX20,BD2855
6db4fa5b-237a-4ee2-8e7b-829ffbd52848,,AVX41,BD3380
889008e1-d716-4929-ba1d-abf6058f906d,,AVX57,BS6046
83702149-f699-4f59-a2d5-1f69ad08fbf3,,NR935,V51754
49fe7210-0cd9-4e3a-befa-b0d2836f6a79,,AVX57,BS6045
8985bae5-b816-44e1-8b98-2592676c5f7b,,AVX57,BS6044
fdad6b2f-afca-4b0b-9605-83076bc688d2,,AVY86,BS8428
43d50216-cd72-481c-b939-9fe21d82c8ee,,AVY86,BS8427
3839eb9f-b11b-41bb-98f2-3b19d9f857fe,,AVY86,BS8426
9edc64a8-4095-4056-b73b-63534229dde3,,AVY86,BS8425
159a47ef-7959-46d5-a6b9-d8d52370d776,,AVY86,BS9004
1dfddfbc-8139-4435-8413-58136950f27c,,AVY86,BS9005
ab39570a-c12a-41f7-80e0-d5fa1b6000da,,AVY86,BS9006
7b80012d-c18a-41ad-9769-cd461e344f21,,AVY86,BS9007
3571a9cb-9f4e-4256-b5d5-349a5a797159,,AVZ30,BS6354
3a563990-5d23-4575-8402-059b2f3b8b76,,AVZ30,BS6355
8f391ee6-e4fe-4d0b-9036-1bd8edddf789,,AVZ30,BS6540
415cdbec-fbe2-46a9-9ba7-0e774c72ad63,,AVZ30,BS6541
fc3205c5-c294-4f2d-b792-be8731dec0a2,,AVZ30,BS6542
e12db671-ca1c-4d15-8929-f7590d6e0f05,,AVZ30,CM9102
77d7e4cf-c6a6-461b-b936-9d46defd7916,,AVZ30,CM9235
067b4a89-bc3a-42b7-b7b4-d7d0d3beb14a,,AVZ32,BS6677
c9d1cf9c-493f-46bf-9714-4ce1ed656d6d,,AVZ32,BS6675
1b4cf42e-704e-449c-a4a5-a074e582d013,,AVZ32,BS6676
97b40dd7-7944-4218-bea8-80b7a236cdb3,,AVZ32,BS7970
559a135b-4cb3-41f0-ba62-1eaa39fa02ce,,AVZ32,BS7971
575f7f8c-9bb6-487c-9322-b7d137f71b8e,,AVZ32,BS7972
1fa16f98-e689-495a-99e3-a7ced4388f38,,AVZ32,BS7969
c096242a-660e-48ab-8405-b9ab7433b932,,AVZ32,BS7966
f0c6d092-3025-4f4f-81b0-06801830910c,,AVZ32,BS7967
b7e3cc21-2d64-4b05-9423-5b1d0b56e7b4,,AVZ32,BS7968
b31bbeaa-4ef5-4d99-ae85-e6086251831f,,AVZ33,BS6680
257cb600-8462-441d-8615-de9a387be203,,AVZ33,BS6679
083dc067-7850-4fdf-bdbc-0e284e4853dd,,AVZ33,BS6678
b31b0e1b-f900-4832-91c4-471ea7681b59,,AVZ33,BS7889
7ff94274-209f-45ea-ae4f-c7ab82588584,,AVZ33,BS7888
35d115d1-a8b5-4597-8ef5-3222a33c9a67,,AVZ33,BS7886
3350bdb3-45ab-4e84-9a8f-587cd87cbe01,,AVZ33,CM9237
c1ce76ac-a270-4b45-9f25-0477e8149a5b,,AVZ33,CM9103
d7c39096-30b3-48e4-a6e8-27bb896672c2,,AVZ33,CM9238
8accd26e-d985-4778-95ec-5c7793219db7,,AWA72,BS6312
2fcba1bc-e528-4e2e-a2f7-211caf6dc928,,AWA72,BS6313
16b176b7-46fb-46d0-bd03-92f5e900664e,,AWA72,BS6356
b0ffbeae-30c1-483b-a202-1e3e839a7ea8,,AWA72,BS7934
6af7ca5d-0318-4fff-9e34-01250a7a17ca,,AWA72,BS9115
be419322-537a-4363-97fa-ace31a4494fb,,AWA73,BS6307
e1ddaa26-284e-42b0-a8c9-736f70ecccfb,,AWA73,BS6306
7f308ee3-71fd-4b89-8cca-2a12e297c2f1,,AWA73,BS6305
dd1610dc-6a57-48c9-9d57-96a9440ba1b6,,AWA73,BS6304
e1e3405f-7f83-409e-ba99-31c6345bcff6,,AWA74,BD4221
d0b431da-b0c7-4757-8038-e528a8096ecb,,AWA74,BD4219
27efd0aa-3e2d-4952-ba1b-6b44a943ca63,,AWB43,BD4229
d94142e5-c89e-492d-a08a-e0c2b0c14319,,AWP59,BS9648
9135512b-0840-4c5e-b46d-95d7c962c440,,AWB43,BD5995
643c2c3e-e9c2-4bae-84c5-edfc7d12d05c,,AWB43,BD5994
06e8f049-513b-4b20-93a1-39eb1b06a7aa,,AWC23,BD4423
7d6db762-56ac-419b-9f3f-aa4a35cf0afe,,AWC23,BD4422
fd039185-f5d0-4d3f-80ad-2b3dc9980940,,AWC24,BS5991
21e86562-7262-443c-923a-b9112e0ca78d,,AWC24,BS5990
34539814-c214-4f5a-b922-09b171891343,,AWC89,BS8239
2fdc8460-b26e-452a-a503-849695d38c0b,,AWC99,BS6384
27e89b2b-7ff0-484f-a067-9de5c385fb5a,,AWC99,BS6383
05b563ca-a3b1-440e-b5f9-70addd806d7f,,AWC99,BS6385
c0ad02e1-3f0f-4e6e-a193-6614597a5cd5,,AWD00,BS6786
82dbc3c8-df7e-40d3-a1ce-a902f84423e5,,AWD00,BS7766
7dd4241c-7bc1-4ad8-ac29-bf70cf09d5be,,AWD03,BS6789
e0d68f61-c246-4cab-921c-c3b071dc92f6,,AWD03,CN0240
30f6ab43-372d-48cd-b72d-25e9a52b5b58,,AWD06,BS6784
cf95fec4-98bf-41ad-b4d3-a807c5151dd4,,AWE06,BD5475
3f5457cc-a5dd-48a5-b677-5ec05777d3da,,AWE06,BD5474
cb9b2ed2-e29a-48b8-b8b1-35dd94289d74,,AWE06,BD5473
a3ef2987-ea18-4ec8-8597-56ac5a4de693,,AWE06,BS5800
